-- MariaDB dump 10.19  Distrib 10.4.24-MariaDB, for Win64 (AMD64)
--
-- Host: localhost    Database: holonet
-- ------------------------------------------------------
-- Server version	10.4.24-MariaDB

/*!40101 SET @OLD_CHARACTER_SET_CLIENT=@@CHARACTER_SET_CLIENT */;
/*!40101 SET @OLD_CHARACTER_SET_RESULTS=@@CHARACTER_SET_RESULTS */;
/*!40101 SET @OLD_COLLATION_CONNECTION=@@COLLATION_CONNECTION */;
/*!40101 SET NAMES utf8mb4 */;
/*!40103 SET @OLD_TIME_ZONE=@@TIME_ZONE */;
/*!40103 SET TIME_ZONE='+00:00' */;
/*!40014 SET @OLD_UNIQUE_CHECKS=@@UNIQUE_CHECKS, UNIQUE_CHECKS=0 */;
/*!40014 SET @OLD_FOREIGN_KEY_CHECKS=@@FOREIGN_KEY_CHECKS, FOREIGN_KEY_CHECKS=0 */;
/*!40101 SET @OLD_SQL_MODE=@@SQL_MODE, SQL_MODE='NO_AUTO_VALUE_ON_ZERO' */;
/*!40111 SET @OLD_SQL_NOTES=@@SQL_NOTES, SQL_NOTES=0 */;

--
-- Table structure for table `armament`
--

DROP TABLE IF EXISTS `armament`;
/*!40101 SET @saved_cs_client     = @@character_set_client */;
/*!40101 SET character_set_client = utf8 */;
CREATE TABLE `armament` (
  `armament_id` smallint(5) unsigned DEFAULT NULL,
  `ammo` smallint(5) unsigned DEFAULT NULL,
  `weapon_id` tinyint(3) unsigned DEFAULT NULL,
  KEY `weapon_id` (`weapon_id`),
  CONSTRAINT `armament_ibfk_1` FOREIGN KEY (`weapon_id`) REFERENCES `weapon` (`weapon_id`)
) ENGINE=InnoDB DEFAULT CHARSET=utf8mb4;
/*!40101 SET character_set_client = @saved_cs_client */;

--
-- Dumping data for table `armament`
--

LOCK TABLES `armament` WRITE;
/*!40000 ALTER TABLE `armament` DISABLE KEYS */;
INSERT INTO `armament` VALUES (1,0,6),(2,0,5),(3,0,11),(4,0,40),(5,0,6),(5,0,11);
/*!40000 ALTER TABLE `armament` ENABLE KEYS */;
UNLOCK TABLES;

--
-- Table structure for table `complement`
--

DROP TABLE IF EXISTS `complement`;
/*!40101 SET @saved_cs_client     = @@character_set_client */;
/*!40101 SET character_set_client = utf8 */;
CREATE TABLE `complement` (
  `complement_id` smallint(5) unsigned NOT NULL AUTO_INCREMENT,
  `alias` varchar(32) DEFAULT NULL,
  `is_crew` tinyint(3) unsigned DEFAULT NULL,
  `requirement_id` smallint(5) unsigned DEFAULT NULL,
  PRIMARY KEY (`complement_id`),
  KEY `requirement_id` (`requirement_id`),
  CONSTRAINT `complement_ibfk_1` FOREIGN KEY (`requirement_id`) REFERENCES `requirements` (`requirement_id`)
) ENGINE=InnoDB AUTO_INCREMENT=12 DEFAULT CHARSET=utf8mb4;
/*!40101 SET character_set_client = @saved_cs_client */;

--
-- Dumping data for table `complement`
--

LOCK TABLES `complement` WRITE;
/*!40000 ALTER TABLE `complement` DISABLE KEYS */;
INSERT INTO `complement` VALUES (1,'Starfighter',0,1),(2,'Shuttle',0,2),(3,'Large Vehicle',0,4),(4,'Medium Vehicle',0,3),(5,'Passenger',0,5),(6,'Modular Garrison',0,6),(7,'Cargo Capacity',0,NULL),(8,'Consumables',0,NULL),(9,'Crew',1,NULL),(10,'Gunner',1,NULL),(11,'Minimum Crew',1,NULL);
/*!40000 ALTER TABLE `complement` ENABLE KEYS */;
UNLOCK TABLES;

--
-- Table structure for table `mod_requirements`
--

DROP TABLE IF EXISTS `mod_requirements`;
/*!40101 SET @saved_cs_client     = @@character_set_client */;
/*!40101 SET character_set_client = utf8 */;
CREATE TABLE `mod_requirements` (
  `mod_id` smallint(5) unsigned NOT NULL,
  `requirement_id` smallint(5) unsigned NOT NULL,
  PRIMARY KEY (`mod_id`,`requirement_id`),
  KEY `requirement_id` (`requirement_id`),
  CONSTRAINT `mod_requirements_ibfk_1` FOREIGN KEY (`mod_id`) REFERENCES `modification` (`mod_id`),
  CONSTRAINT `mod_requirements_ibfk_2` FOREIGN KEY (`requirement_id`) REFERENCES `requirements` (`requirement_id`),
  CONSTRAINT `mod_requirements_ibfk_3` FOREIGN KEY (`mod_id`) REFERENCES `modification` (`mod_id`)
) ENGINE=InnoDB DEFAULT CHARSET=utf8mb4;
/*!40101 SET character_set_client = @saved_cs_client */;

--
-- Dumping data for table `mod_requirements`
--

LOCK TABLES `mod_requirements` WRITE;
/*!40000 ALTER TABLE `mod_requirements` DISABLE KEYS */;
/*!40000 ALTER TABLE `mod_requirements` ENABLE KEYS */;
UNLOCK TABLES;

--
-- Table structure for table `modification`
--

DROP TABLE IF EXISTS `modification`;
/*!40101 SET @saved_cs_client     = @@character_set_client */;
/*!40101 SET character_set_client = utf8 */;
CREATE TABLE `modification` (
  `mod_id` smallint(5) unsigned NOT NULL AUTO_INCREMENT,
  `name` varchar(128) DEFAULT NULL,
  `modslots` tinyint(3) unsigned DEFAULT NULL,
  `is_refit` tinyint(3) unsigned DEFAULT NULL,
  `price` bigint(20) unsigned DEFAULT NULL,
  PRIMARY KEY (`mod_id`)
) ENGINE=InnoDB DEFAULT CHARSET=utf8mb4;
/*!40101 SET character_set_client = @saved_cs_client */;

--
-- Dumping data for table `modification`
--

LOCK TABLES `modification` WRITE;
/*!40000 ALTER TABLE `modification` DISABLE KEYS */;
/*!40000 ALTER TABLE `modification` ENABLE KEYS */;
UNLOCK TABLES;

--
-- Table structure for table `privilege`
--

DROP TABLE IF EXISTS `privilege`;
/*!40101 SET @saved_cs_client     = @@character_set_client */;
/*!40101 SET character_set_client = utf8 */;
CREATE TABLE `privilege` (
  `privilege_id` smallint(5) unsigned NOT NULL AUTO_INCREMENT,
  `privilege` varchar(32) DEFAULT NULL,
  PRIMARY KEY (`privilege_id`)
) ENGINE=InnoDB DEFAULT CHARSET=utf8mb4;
/*!40101 SET character_set_client = @saved_cs_client */;

--
-- Dumping data for table `privilege`
--

LOCK TABLES `privilege` WRITE;
/*!40000 ALTER TABLE `privilege` DISABLE KEYS */;
/*!40000 ALTER TABLE `privilege` ENABLE KEYS */;
UNLOCK TABLES;

--
-- Table structure for table `requirements`
--

DROP TABLE IF EXISTS `requirements`;
/*!40101 SET @saved_cs_client     = @@character_set_client */;
/*!40101 SET character_set_client = utf8 */;
CREATE TABLE `requirements` (
  `requirement_id` smallint(5) unsigned NOT NULL AUTO_INCREMENT,
  `value1` varchar(32) DEFAULT NULL,
  `comparator` char(2) DEFAULT NULL,
  `value2` varchar(32) DEFAULT NULL,
  PRIMARY KEY (`requirement_id`),
  KEY `stat_id` (`value1`)
) ENGINE=InnoDB AUTO_INCREMENT=7 DEFAULT CHARSET=utf8mb4;
/*!40101 SET character_set_client = @saved_cs_client */;

--
-- Dumping data for table `requirements`
--

LOCK TABLES `requirements` WRITE;
/*!40000 ALTER TABLE `requirements` DISABLE KEYS */;
INSERT INTO `requirements` VALUES (1,'unit_type','==','2'),(2,'unit_type','==','3'),(3,'unit_type','==','8'),(4,'unit_type','==','9'),(5,'unit_type','==','11'),(6,'unit_type','==','17');
/*!40000 ALTER TABLE `requirements` ENABLE KEYS */;
UNLOCK TABLES;

--
-- Table structure for table `shop`
--

DROP TABLE IF EXISTS `shop`;
/*!40101 SET @saved_cs_client     = @@character_set_client */;
/*!40101 SET character_set_client = utf8 */;
CREATE TABLE `shop` (
  `shop_id` smallint(5) unsigned NOT NULL AUTO_INCREMENT,
  `shop_name` varchar(128) DEFAULT NULL,
  PRIMARY KEY (`shop_id`)
) ENGINE=InnoDB AUTO_INCREMENT=60 DEFAULT CHARSET=utf8mb4;
/*!40101 SET character_set_client = @saved_cs_client */;

--
-- Dumping data for table `shop`
--

LOCK TABLES `shop` WRITE;
/*!40000 ALTER TABLE `shop` DISABLE KEYS */;
INSERT INTO `shop` VALUES (1,'Canady&#039;s Birthday Shop 2020 + 2021'),(2,'Padmé Shop 2020'),(3,'Mohitoo Birthday Shop 2019'),(4,'Mohitoo Birthday Shop 2020'),(5,'Mohitoo Birthday Shop 2021'),(6,'Back to School Shop 2019'),(7,'Easter Shop 2019'),(8,'Anniversary Shop 2019'),(9,'Anniversary Shop 2020'),(10,'Anniversary Shop 2021'),(11,'Anniversary Shop 2022'),(12,'AD-1S Modular Fighter Shop'),(13,'New Years Shop 2019'),(14,'New Years Shop 2020'),(15,'New Years Shop 2021'),(16,'New Years Shop 2022'),(17,'12 Days of Christmas Shop 2018'),(18,'12 Days of Christmas Shop 2019'),(19,'12 Days of Christmas Shop 2020'),(20,'12 Days of Christmas Shop 2021'),(21,'May the 4th 2018'),(22,'May the 4th 2019'),(23,'May the 4th 2020'),(24,'May the 4th 2021'),(25,'Revenge of the 5th 2019'),(26,'Revenge of the 5th 2020'),(27,'Revenge of the 5th 2021'),(28,'Kip Birthday Shop 2020'),(29,'Kip Birthday Shop 2021'),(30,'Lemur Shop 2019'),(31,'Con and Tidal&#039;s Birthday Shop 2020'),(32,'Summer Solstice Shop 2020'),(33,'Summer Solstice Shop 2021'),(34,'Swaggs Birthday Shop 2019'),(35,'4th of July 2020'),(36,'4th of July 2021'),(37,'Halloween Shop 2018'),(38,'Halloween Shop 2019'),(39,'Halloween Shop 2020'),(40,'Halloween Shop 2021'),(41,'Clone Shop 2020'),(42,'Karek Birthday Shop 2021'),(43,'Karek Birthday Shop 2022'),(44,'Mysty Birthday Shop 2020'),(45,'Black Market 2018'),(46,'Sherm Birthday Shop 2021'),(47,'Beach Trooper 420 69 Shop'),(49,'Freelancer Shop'),(50,'Mandalorian Shop'),(51,'New Republic Shop'),(52,'Smugglers Alliance Shop'),(53,'Empire of the Hand Shop'),(54,'Eriadu Authority Shop'),(55,'Greater Maldrood Shop'),(56,'Pentastar Alignment Shop'),(57,'X1&#039;s Empire Shop'),(58,'Zsinj&#039;s Empire Shop'),(59,'Special Ground Units Because Moh F***ed Up 2019');
/*!40000 ALTER TABLE `shop` ENABLE KEYS */;
UNLOCK TABLES;

--
-- Table structure for table `skill`
--

DROP TABLE IF EXISTS `skill`;
/*!40101 SET @saved_cs_client     = @@character_set_client */;
/*!40101 SET character_set_client = utf8 */;
CREATE TABLE `skill` (
  `skill_id` tinyint(3) unsigned NOT NULL AUTO_INCREMENT,
  `skill` varchar(32) DEFAULT NULL,
  PRIMARY KEY (`skill_id`)
) ENGINE=InnoDB DEFAULT CHARSET=utf8mb4;
/*!40101 SET character_set_client = @saved_cs_client */;

--
-- Dumping data for table `skill`
--

LOCK TABLES `skill` WRITE;
/*!40000 ALTER TABLE `skill` DISABLE KEYS */;
/*!40000 ALTER TABLE `skill` ENABLE KEYS */;
UNLOCK TABLES;

--
-- Table structure for table `strength`
--

DROP TABLE IF EXISTS `strength`;
/*!40101 SET @saved_cs_client     = @@character_set_client */;
/*!40101 SET character_set_client = utf8 */;
CREATE TABLE `strength` (
  `strength_no` tinyint(3) unsigned NOT NULL AUTO_INCREMENT,
  `str_description` varchar(128) DEFAULT NULL,
  PRIMARY KEY (`strength_no`)
) ENGINE=InnoDB AUTO_INCREMENT=9 DEFAULT CHARSET=utf8mb4;
/*!40101 SET character_set_client = @saved_cs_client */;

--
-- Dumping data for table `strength`
--

LOCK TABLES `strength` WRITE;
/*!40000 ALTER TABLE `strength` DISABLE KEYS */;
INSERT INTO `strength` VALUES (1,'No'),(2,'Very Bad'),(3,'Weak'),(4,'Below Average'),(5,'Average'),(6,'Above Average'),(7,'Strong'),(8,'Very Strong');
/*!40000 ALTER TABLE `strength` ENABLE KEYS */;
UNLOCK TABLES;

--
-- Table structure for table `unit`
--

DROP TABLE IF EXISTS `unit`;
/*!40101 SET @saved_cs_client     = @@character_set_client */;
/*!40101 SET character_set_client = utf8 */;
CREATE TABLE `unit` (
  `unit_id` smallint(5) unsigned NOT NULL AUTO_INCREMENT,
  `unit_type` smallint(5) unsigned DEFAULT NULL,
  `name` varchar(128) DEFAULT NULL,
  `alias` varchar(32) DEFAULT NULL,
  `price` bigint(20) unsigned DEFAULT NULL,
  `modslots` tinyint(3) unsigned DEFAULT NULL,
  `uc_limit` smallint(5) unsigned DEFAULT NULL,
  `length` float DEFAULT NULL,
  `height` float DEFAULT NULL,
  `width` float DEFAULT NULL,
  `hyperdrive` char(4) DEFAULT NULL,
  `backup` char(4) DEFAULT NULL,
  `mglt` tinyint(3) unsigned DEFAULT NULL,
  `kmh` smallint(5) unsigned DEFAULT NULL,
  `shield` tinyint(3) unsigned DEFAULT NULL,
  `hull` tinyint(3) unsigned DEFAULT NULL,
  `sbd` smallint(5) unsigned DEFAULT NULL,
  `ru` smallint(5) unsigned DEFAULT NULL,
  `points` tinyint(3) unsigned DEFAULT NULL,
  `is_special` tinyint(3) unsigned DEFAULT NULL,
  `notes` varchar(256) DEFAULT NULL,
  PRIMARY KEY (`unit_id`),
  KEY `unit_type` (`unit_type`),
  KEY `shield` (`shield`),
  KEY `hull` (`hull`),
  CONSTRAINT `unit_ibfk_1` FOREIGN KEY (`unit_type`) REFERENCES `unit_type` (`unit_type`),
  CONSTRAINT `unit_ibfk_2` FOREIGN KEY (`shield`) REFERENCES `strength` (`strength_no`),
  CONSTRAINT `unit_ibfk_3` FOREIGN KEY (`hull`) REFERENCES `strength` (`strength_no`)
) ENGINE=InnoDB AUTO_INCREMENT=1001 DEFAULT CHARSET=utf8mb4;
/*!40101 SET character_set_client = @saved_cs_client */;

--
-- Dumping data for table `unit`
--

LOCK TABLES `unit` WRITE;
/*!40000 ALTER TABLE `unit` DISABLE KEYS */;
INSERT INTO `unit` VALUES (1,1,'Imperial II-Class Star Destroyer','ISD II',125000000,3,NULL,1600,NULL,NULL,'2.0','8.0',60,975,6,6,NULL,NULL,7,0,NULL),(2,1,'Pursuit Class Light Cruiser',NULL,30000000,2,NULL,NULL,NULL,NULL,NULL,NULL,NULL,NULL,NULL,NULL,NULL,NULL,NULL,1,NULL),(3,1,'Dimel Assault Ship',NULL,7500000,4,NULL,NULL,NULL,NULL,NULL,NULL,NULL,NULL,NULL,NULL,NULL,NULL,NULL,1,NULL),(4,1,'Republic Transport',NULL,16000000,2,NULL,NULL,NULL,NULL,NULL,NULL,NULL,NULL,NULL,NULL,NULL,NULL,NULL,1,NULL),(5,1,'Jedi Justice Cruiser',NULL,40000000,3,NULL,NULL,NULL,NULL,NULL,NULL,NULL,NULL,NULL,NULL,NULL,NULL,NULL,1,NULL),(6,1,'First Order Light Cruiser',NULL,20000000,2,NULL,NULL,NULL,NULL,NULL,NULL,NULL,NULL,NULL,NULL,NULL,NULL,NULL,1,NULL),(7,1,'BT-7 Thunderclap',NULL,1500000,3,NULL,NULL,NULL,NULL,NULL,NULL,NULL,NULL,NULL,NULL,NULL,NULL,NULL,1,NULL),(8,1,'Fury-Class Interceptor',NULL,1500000,3,NULL,NULL,NULL,NULL,NULL,NULL,NULL,NULL,NULL,NULL,NULL,NULL,NULL,1,NULL),(9,1,'Foray-Class Blockade Runner',NULL,10000000,2,NULL,NULL,NULL,NULL,NULL,NULL,NULL,NULL,NULL,NULL,NULL,NULL,NULL,1,NULL),(10,1,'ShaShore-Class Frigate',NULL,50000000,1,NULL,NULL,NULL,NULL,NULL,NULL,NULL,NULL,NULL,NULL,NULL,NULL,NULL,1,NULL),(11,1,'Vindicator-Class Heavy Cruiser',NULL,55000000,2,NULL,NULL,NULL,NULL,NULL,NULL,NULL,NULL,NULL,NULL,NULL,NULL,NULL,1,NULL),(12,1,'Bakura-Class Destroyer',NULL,85000000,2,NULL,NULL,NULL,NULL,NULL,NULL,NULL,NULL,NULL,NULL,NULL,NULL,NULL,1,NULL),(13,1,'Sabertooth Assault/Rescue Vessel',NULL,15000000,3,NULL,NULL,NULL,NULL,NULL,NULL,NULL,NULL,NULL,NULL,NULL,NULL,NULL,1,'Can equip proton beam cannon'),(14,1,'Axis sublight missile corvette',NULL,16000000,2,NULL,NULL,NULL,NULL,NULL,NULL,NULL,NULL,NULL,NULL,NULL,NULL,NULL,1,NULL),(16,1,'Captor Munitions Cruiser',NULL,80000000,1,NULL,NULL,NULL,NULL,NULL,NULL,NULL,NULL,NULL,NULL,NULL,NULL,NULL,1,NULL),(17,1,'Endurance-Class Fleet Carrier (s)','Endurance (s)',185000000,2,NULL,NULL,NULL,NULL,NULL,NULL,NULL,NULL,NULL,NULL,NULL,NULL,NULL,1,NULL),(18,1,'Tagge Battlecruiser',NULL,250000000,2,NULL,NULL,NULL,NULL,NULL,NULL,NULL,NULL,NULL,NULL,NULL,NULL,NULL,1,NULL),(19,1,'Mandator 2 Dreadnought',NULL,600000000,0,NULL,NULL,NULL,NULL,NULL,NULL,NULL,NULL,NULL,NULL,NULL,NULL,NULL,1,NULL),(20,1,'YZ-2500 Heavy Transport',NULL,6000000,3,NULL,NULL,NULL,NULL,NULL,NULL,NULL,NULL,NULL,NULL,NULL,NULL,NULL,1,NULL),(21,1,'Fantail-class Destroyer',NULL,30000000,3,NULL,NULL,NULL,NULL,NULL,NULL,NULL,NULL,NULL,NULL,NULL,NULL,NULL,1,NULL),(22,1,'Xolochi Dreadnought',NULL,35000000,2,NULL,NULL,NULL,NULL,NULL,NULL,NULL,NULL,NULL,NULL,NULL,NULL,NULL,1,NULL),(23,1,'Qaz class Star Destroyer',NULL,180000000,4,NULL,NULL,NULL,NULL,NULL,NULL,NULL,NULL,NULL,NULL,NULL,NULL,NULL,1,NULL),(24,1,'Procurator-class Star Battlecruiser',NULL,350000000,1,NULL,NULL,NULL,NULL,NULL,NULL,NULL,NULL,NULL,NULL,NULL,NULL,NULL,1,NULL),(25,1,'Corvette-Class Patrol Boat',NULL,6000000,1,NULL,NULL,NULL,NULL,NULL,NULL,NULL,NULL,NULL,NULL,NULL,NULL,NULL,1,NULL),(26,1,'Beta Cruiser',NULL,20000000,4,NULL,NULL,NULL,NULL,NULL,NULL,NULL,NULL,NULL,NULL,NULL,NULL,NULL,1,NULL),(27,1,'Bothan Frigate',NULL,24000000,2,NULL,NULL,NULL,NULL,NULL,NULL,NULL,NULL,NULL,NULL,NULL,NULL,NULL,1,NULL),(28,1,'Corellian Dreadnought',NULL,280000000,0,NULL,NULL,NULL,NULL,NULL,NULL,NULL,NULL,NULL,NULL,NULL,NULL,NULL,1,NULL),(30,1,'Corona-class armed frigate',NULL,35000000,4,NULL,NULL,NULL,NULL,NULL,NULL,NULL,NULL,NULL,NULL,NULL,NULL,NULL,1,NULL),(31,1,'MPO-1400 Star Cruiser',NULL,40000000,8,NULL,NULL,NULL,NULL,NULL,NULL,NULL,NULL,NULL,NULL,NULL,NULL,NULL,1,'Can Equip: HIMS Generator, Heavy spinal turbolaser, small hangar, Thermal shields'),(32,1,'BSX-5 Dreadnaught',NULL,30000000,5,NULL,NULL,NULL,NULL,NULL,NULL,NULL,NULL,NULL,NULL,NULL,NULL,NULL,1,'Can equip Heavy Spinal Turbolaser Heavy Turbolaser Battery and Medium Hangar'),(33,1,'Harrower',NULL,90000000,3,NULL,NULL,NULL,NULL,NULL,NULL,NULL,NULL,NULL,NULL,NULL,NULL,NULL,1,NULL),(34,1,'Voidstar',NULL,350000000,0,NULL,NULL,NULL,NULL,NULL,NULL,NULL,NULL,NULL,NULL,NULL,NULL,NULL,1,NULL),(35,1,'Cosinga Class Heavy Corvette',NULL,12000000,2,NULL,NULL,NULL,NULL,NULL,NULL,NULL,NULL,NULL,NULL,NULL,NULL,NULL,1,NULL),(36,1,'Dissident-Class Light Cruiser','Dissident',25000000,2,NULL,NULL,NULL,NULL,NULL,NULL,NULL,NULL,NULL,NULL,NULL,NULL,NULL,1,NULL),(37,1,'Hammerhead-class Cruiser',NULL,20000000,6,NULL,NULL,NULL,NULL,NULL,NULL,NULL,NULL,NULL,NULL,NULL,NULL,NULL,1,'can equip small hangar, heavy turbolaser battery, and proton beam cannon'),(38,1,'Mediator-Class Battlecruiser',NULL,270000000,0,3,NULL,NULL,NULL,NULL,NULL,NULL,NULL,NULL,NULL,NULL,NULL,NULL,1,'Cannot be double sized or 1.5x sized'),(39,1,'Braha&#039;Tok Class Gunship',NULL,18000000,0,NULL,NULL,NULL,NULL,NULL,NULL,NULL,NULL,NULL,NULL,NULL,NULL,NULL,1,NULL),(40,1,'Aramadia Class Thrustship',NULL,35000000,0,NULL,NULL,NULL,NULL,NULL,NULL,NULL,NULL,NULL,NULL,NULL,NULL,NULL,1,NULL),(41,1,'Republic-Class Star Destroyer',NULL,110000000,5,NULL,NULL,NULL,NULL,NULL,NULL,NULL,NULL,NULL,NULL,NULL,NULL,NULL,1,'can equip: Thermal Shields, Heavy Turbolaser Battery'),(42,1,'Mere Cruiser',NULL,25000000,2,NULL,NULL,NULL,NULL,NULL,NULL,NULL,NULL,NULL,NULL,NULL,NULL,NULL,1,NULL),(43,1,'Rejuvenator Class Star Destroyer',NULL,100000000,1,NULL,NULL,NULL,NULL,NULL,NULL,NULL,NULL,NULL,NULL,NULL,NULL,NULL,1,NULL),(44,1,'Mon Calamari Heavy Carrier',NULL,450000000,0,NULL,NULL,NULL,NULL,NULL,NULL,NULL,NULL,NULL,NULL,NULL,NULL,NULL,1,NULL),(45,1,'Thranta Class Corvette',NULL,35000000,2,NULL,NULL,NULL,NULL,NULL,NULL,NULL,NULL,NULL,NULL,NULL,NULL,NULL,1,NULL),(46,1,'Cantwell-class Arrestor Cruiser',NULL,36000000,0,NULL,NULL,NULL,NULL,NULL,NULL,NULL,NULL,NULL,NULL,NULL,NULL,NULL,1,NULL),(47,1,'Maxima-A Class Heavy Cruiser',NULL,120000000,0,NULL,NULL,NULL,NULL,NULL,NULL,NULL,NULL,NULL,NULL,NULL,NULL,NULL,1,NULL),(48,1,'Terminus-Class Destroyer','Terminus',40000000,4,NULL,NULL,NULL,NULL,NULL,NULL,NULL,NULL,NULL,NULL,NULL,NULL,NULL,1,NULL),(49,1,'Ardent-Class Fast Frigate',NULL,60000000,0,4,NULL,NULL,NULL,NULL,NULL,NULL,NULL,NULL,NULL,NULL,NULL,NULL,1,NULL),(50,1,'Derapha',NULL,24000000,4,NULL,NULL,NULL,NULL,NULL,NULL,NULL,NULL,NULL,NULL,NULL,NULL,NULL,1,NULL),(51,1,'Tri Scythe Class Frigate',NULL,200000000,2,4,NULL,NULL,NULL,NULL,NULL,NULL,NULL,NULL,NULL,NULL,NULL,NULL,1,'Has 4 gun batteries'),(52,1,'Namana Class Light Cruiser',NULL,40000000,3,NULL,NULL,NULL,NULL,NULL,NULL,NULL,NULL,NULL,NULL,NULL,NULL,NULL,1,NULL),(53,1,'Sacheen-class light escort',NULL,36000000,1,NULL,NULL,NULL,NULL,NULL,NULL,NULL,NULL,NULL,NULL,NULL,NULL,NULL,1,NULL),(54,1,'Atgeir-class Battlecruiser',NULL,245000000,1,NULL,NULL,NULL,NULL,NULL,NULL,NULL,NULL,NULL,NULL,NULL,NULL,NULL,1,'can equip Orbital Auto cannon and Heavy turbolaser battery'),(55,1,'MC95B',NULL,140000000,2,NULL,NULL,NULL,NULL,NULL,NULL,NULL,NULL,NULL,NULL,NULL,NULL,NULL,1,NULL),(56,1,'MC95A',NULL,150000000,2,NULL,NULL,NULL,NULL,NULL,NULL,NULL,NULL,NULL,NULL,NULL,NULL,NULL,1,NULL),(57,1,'MC95D',NULL,220000000,1,NULL,NULL,NULL,NULL,NULL,NULL,NULL,NULL,NULL,NULL,NULL,NULL,NULL,1,NULL),(58,1,'MC95C',NULL,240000000,0,NULL,NULL,NULL,NULL,NULL,NULL,NULL,NULL,NULL,NULL,NULL,NULL,NULL,1,NULL),(59,1,'Batil Gunship',NULL,22000000,3,NULL,NULL,NULL,NULL,NULL,NULL,NULL,NULL,NULL,NULL,NULL,NULL,NULL,1,NULL),(60,1,'Chelandion',NULL,70000000,2,NULL,NULL,NULL,NULL,NULL,NULL,NULL,NULL,NULL,NULL,NULL,NULL,NULL,1,NULL),(61,1,'Tarrada',NULL,35000000,3,NULL,NULL,NULL,NULL,NULL,NULL,NULL,NULL,NULL,NULL,NULL,NULL,NULL,1,NULL),(62,1,'Voracious',NULL,45000000,3,NULL,NULL,NULL,NULL,NULL,NULL,NULL,NULL,NULL,NULL,NULL,NULL,NULL,1,NULL),(63,1,'Kossak-Class Frigate',NULL,30000000,2,NULL,NULL,NULL,NULL,NULL,NULL,NULL,NULL,NULL,NULL,NULL,NULL,NULL,1,NULL),(64,1,'Nau&#039;ur-class yacht',NULL,5000000,1,NULL,NULL,NULL,NULL,NULL,NULL,NULL,NULL,NULL,NULL,NULL,NULL,NULL,1,NULL),(65,1,'Shu-Torun Royal Cruiser',NULL,10000000,2,NULL,NULL,NULL,NULL,NULL,NULL,NULL,NULL,NULL,NULL,NULL,NULL,NULL,1,NULL),(66,1,'Giga-class Transport',NULL,30000000,3,NULL,NULL,NULL,NULL,NULL,NULL,NULL,NULL,NULL,NULL,NULL,NULL,NULL,1,NULL),(67,1,'Imperial Transport',NULL,16000000,2,NULL,NULL,NULL,NULL,NULL,NULL,NULL,NULL,NULL,NULL,NULL,NULL,NULL,1,'Listed as Unidentified Imperial Warship on Wookieepedia'),(68,1,'Tetan Assault Ship',NULL,30000000,3,NULL,NULL,NULL,NULL,NULL,NULL,NULL,NULL,NULL,NULL,NULL,NULL,NULL,1,NULL),(69,1,'Shifalan Patrol Ship',NULL,95000000,3,NULL,NULL,NULL,NULL,NULL,NULL,NULL,NULL,NULL,NULL,NULL,NULL,NULL,1,NULL),(70,1,'Imperial assault shuttle',NULL,8000000,0,NULL,NULL,NULL,NULL,NULL,NULL,NULL,NULL,NULL,NULL,NULL,NULL,NULL,1,NULL),(71,1,'Imperial-II Frigate',NULL,40000000,0,NULL,NULL,NULL,NULL,NULL,NULL,NULL,NULL,NULL,NULL,NULL,NULL,NULL,1,NULL),(72,1,'Dark Jedi Starship',NULL,15000000,3,NULL,NULL,NULL,NULL,NULL,NULL,NULL,NULL,NULL,NULL,NULL,NULL,NULL,1,NULL),(75,1,'Lictor-Class Dungeon Ship',NULL,60000000,7,NULL,NULL,NULL,NULL,NULL,NULL,NULL,NULL,NULL,NULL,NULL,NULL,NULL,1,NULL),(77,1,'Hunter-Killer probot',NULL,10000000,1,NULL,NULL,NULL,NULL,NULL,NULL,NULL,NULL,NULL,NULL,NULL,NULL,NULL,1,NULL),(78,1,'Tartan-Class Patrol Cruiser (s)','Tartan (s)',10000000,0,NULL,NULL,NULL,NULL,NULL,NULL,NULL,NULL,NULL,NULL,NULL,NULL,NULL,1,NULL),(79,1,'Nebulon-C escort frigate',NULL,30000000,3,NULL,NULL,NULL,NULL,NULL,NULL,NULL,NULL,NULL,NULL,NULL,NULL,NULL,1,NULL),(80,1,'Broadside cruiser',NULL,40000000,4,NULL,NULL,NULL,NULL,NULL,NULL,NULL,NULL,NULL,NULL,NULL,NULL,NULL,1,NULL),(81,2,'Rogue-Class Starfighter',NULL,500000,2,NULL,NULL,NULL,NULL,NULL,NULL,NULL,NULL,NULL,NULL,NULL,NULL,NULL,1,NULL),(82,2,'Eta-5 Interceptor',NULL,1250000,2,NULL,NULL,NULL,NULL,NULL,NULL,NULL,NULL,NULL,NULL,NULL,NULL,NULL,1,NULL),(83,2,'Delta-7B Aethersprite-Class Light Interceptor',NULL,600000,5,NULL,NULL,NULL,NULL,NULL,NULL,NULL,NULL,NULL,NULL,NULL,NULL,NULL,1,NULL),(84,2,'T-65XJ3 X-Wing',NULL,1200000,1,NULL,NULL,NULL,NULL,NULL,NULL,NULL,NULL,NULL,NULL,NULL,NULL,NULL,1,NULL),(85,2,'TIE Predator',NULL,3000000,0,12,NULL,NULL,NULL,NULL,NULL,NULL,NULL,NULL,NULL,NULL,NULL,NULL,1,NULL),(86,2,'RZ-2 A-Wing',NULL,600000,1,NULL,NULL,NULL,NULL,NULL,NULL,NULL,NULL,NULL,NULL,NULL,NULL,NULL,1,NULL),(87,2,'Owool Interceptor',NULL,1000000,0,NULL,NULL,NULL,NULL,NULL,NULL,NULL,NULL,NULL,NULL,NULL,NULL,NULL,1,NULL),(88,2,'Outland TIE Fighter',NULL,200000,2,NULL,NULL,NULL,NULL,NULL,NULL,NULL,NULL,NULL,NULL,NULL,NULL,NULL,1,NULL),(89,2,'TIE/BT',NULL,1000000,0,NULL,NULL,NULL,NULL,NULL,NULL,NULL,NULL,NULL,NULL,NULL,NULL,NULL,1,NULL),(90,2,'Royal Guard TIE/IN Starfighter',NULL,3000000,0,NULL,NULL,NULL,NULL,NULL,NULL,NULL,NULL,NULL,NULL,NULL,NULL,NULL,1,NULL),(92,2,'AD-1S Modular Multi-Role Fighter',NULL,250000,8,72,NULL,NULL,NULL,NULL,NULL,NULL,NULL,NULL,NULL,NULL,NULL,NULL,1,NULL),(93,2,'TIE/fo',NULL,300000,0,NULL,NULL,NULL,NULL,NULL,NULL,NULL,NULL,NULL,NULL,NULL,NULL,NULL,1,NULL),(94,2,'TIE/sf',NULL,500000,0,NULL,NULL,NULL,NULL,NULL,NULL,NULL,NULL,NULL,NULL,NULL,NULL,NULL,1,NULL),(96,2,'T-70 X Wing',NULL,800000,0,NULL,NULL,NULL,NULL,NULL,NULL,NULL,NULL,NULL,NULL,NULL,NULL,NULL,1,NULL),(97,2,'CX-133 Chaos fighter',NULL,150000,4,NULL,NULL,NULL,NULL,NULL,NULL,NULL,NULL,NULL,NULL,NULL,NULL,NULL,1,'Can Equip: Light turbo mod, Shields, Speed drive'),(98,2,'Mark-VI Supremacy-Class Starfighter','Mark-VI Supremacy',250000,2,NULL,NULL,NULL,NULL,NULL,NULL,NULL,NULL,NULL,NULL,NULL,NULL,NULL,1,'Can Equip: Drone computer, Hyperdrive'),(99,2,'Sith–Imperial attack ship',NULL,800000,0,NULL,NULL,NULL,NULL,NULL,NULL,NULL,NULL,NULL,NULL,NULL,NULL,NULL,1,NULL),(101,2,'B28 Extinction-class bomber',NULL,800000,1,NULL,NULL,NULL,NULL,NULL,NULL,NULL,NULL,NULL,NULL,NULL,NULL,NULL,1,NULL),(102,2,'Hunter-class Starfighter',NULL,400000,6,NULL,NULL,NULL,NULL,NULL,NULL,NULL,NULL,NULL,NULL,NULL,NULL,NULL,1,NULL),(103,2,'Belbullab-24 Strike Bomber',NULL,600000,0,NULL,NULL,NULL,NULL,NULL,NULL,NULL,NULL,NULL,NULL,NULL,NULL,NULL,1,NULL),(104,2,'Aurek-Class Tactical Strikefighter',NULL,400000,3,NULL,NULL,NULL,NULL,NULL,NULL,NULL,NULL,NULL,NULL,NULL,NULL,NULL,1,'Can equip: Cloak Drive'),(105,2,'Tempest Zero Fighter',NULL,500000,5,NULL,NULL,NULL,NULL,NULL,NULL,NULL,NULL,NULL,NULL,NULL,NULL,NULL,1,'Can Equip Seismic Charges and HIMS Generator'),(106,2,'StealthX',NULL,3000000,0,24,NULL,NULL,NULL,NULL,NULL,NULL,NULL,NULL,NULL,NULL,NULL,NULL,1,NULL),(107,2,'Liberator-Class Starfighter',NULL,350000,4,NULL,NULL,NULL,NULL,NULL,NULL,NULL,NULL,NULL,NULL,NULL,NULL,NULL,1,'can equip: HIMS Generator'),(108,2,'G-1 Starfighter',NULL,650000,5,NULL,NULL,NULL,NULL,NULL,NULL,NULL,NULL,NULL,NULL,NULL,NULL,NULL,1,'Can equip: Seismic Charges, Cloak Drive, Buzz Droid Rockets, Speed Drive'),(109,2,'Tie/ba Baron',NULL,1200000,2,NULL,NULL,NULL,NULL,NULL,NULL,NULL,NULL,NULL,NULL,NULL,NULL,NULL,1,'can equip: seismic charges, speed drive'),(110,2,'S-100 Stinger-class Starfighter',NULL,400000,2,NULL,NULL,NULL,NULL,NULL,NULL,NULL,NULL,NULL,NULL,NULL,NULL,NULL,1,NULL),(111,2,'Phoebos-class Starfighter',NULL,2000000,1,36,NULL,NULL,NULL,NULL,NULL,NULL,NULL,NULL,NULL,NULL,NULL,NULL,1,NULL),(112,2,'TIE Droid',NULL,170000,0,NULL,NULL,NULL,NULL,NULL,NULL,NULL,NULL,NULL,NULL,NULL,NULL,NULL,1,NULL),(113,2,'Koros Spaceworks Interceptor',NULL,200000,4,NULL,NULL,NULL,NULL,NULL,NULL,NULL,NULL,NULL,NULL,NULL,NULL,NULL,1,'can equip Hyperdrive and Shields'),(114,2,'ARC-40b Scout-Reconnaissance Fighter',NULL,500000,3,NULL,NULL,NULL,NULL,NULL,NULL,NULL,NULL,NULL,NULL,NULL,NULL,NULL,1,NULL),(115,2,'Jedi Bomber',NULL,600000,2,NULL,NULL,NULL,NULL,NULL,NULL,NULL,NULL,NULL,NULL,NULL,NULL,NULL,1,NULL),(116,2,'Jedi Vector',NULL,500000,3,NULL,NULL,NULL,NULL,NULL,NULL,NULL,NULL,NULL,NULL,NULL,NULL,NULL,1,NULL),(117,2,'A-24 Sleuth',NULL,800000,3,NULL,NULL,NULL,NULL,NULL,NULL,NULL,NULL,NULL,NULL,NULL,NULL,NULL,1,NULL),(118,2,'RC-2 Twilight',NULL,4000000,0,6,NULL,NULL,NULL,NULL,NULL,NULL,NULL,NULL,NULL,NULL,NULL,NULL,1,NULL),(119,2,'Intruder-class starfighter',NULL,1000000,2,NULL,NULL,NULL,NULL,NULL,NULL,NULL,NULL,NULL,NULL,NULL,NULL,NULL,1,NULL),(120,2,'Rakatan Fighter',NULL,300000,1,NULL,NULL,NULL,NULL,NULL,NULL,NULL,NULL,NULL,NULL,NULL,NULL,NULL,1,'Can equip: Shields Hyperdrive'),(121,2,'Razor Class Starfighter',NULL,600000,2,NULL,NULL,NULL,NULL,NULL,NULL,NULL,NULL,NULL,NULL,NULL,NULL,NULL,1,NULL),(122,2,'Delta 12 Skysprite',NULL,800000,2,NULL,NULL,NULL,NULL,NULL,NULL,NULL,NULL,NULL,NULL,NULL,NULL,NULL,1,NULL),(123,2,'Warpod Pinnace',NULL,800000,2,NULL,NULL,NULL,NULL,NULL,NULL,NULL,NULL,NULL,NULL,NULL,NULL,NULL,1,NULL),(124,2,'Ginivex-class Starfighter',NULL,2000000,2,NULL,NULL,NULL,NULL,NULL,NULL,NULL,NULL,NULL,NULL,NULL,NULL,NULL,1,NULL),(125,2,'Sith Fighters',NULL,150000,2,NULL,NULL,NULL,NULL,NULL,NULL,NULL,NULL,NULL,NULL,NULL,NULL,NULL,1,NULL),(126,2,'TIE Experimental M4',NULL,2500000,0,12,NULL,NULL,NULL,NULL,NULL,NULL,NULL,NULL,NULL,NULL,NULL,NULL,1,NULL),(127,2,'TIE Experimental M1',NULL,750000,0,NULL,NULL,NULL,NULL,NULL,NULL,NULL,NULL,NULL,NULL,NULL,NULL,NULL,1,NULL),(128,3,'TIE/rp Reaper Attack Lander (s)','TIE/rp (s)',500000,0,NULL,NULL,NULL,NULL,NULL,NULL,NULL,NULL,NULL,NULL,NULL,NULL,NULL,1,NULL),(129,2,'TIE Advanced V1',NULL,1000000,0,NULL,NULL,NULL,NULL,NULL,NULL,NULL,NULL,NULL,NULL,NULL,NULL,NULL,1,NULL),(130,2,'X83 Twintail',NULL,3000000,5,15,NULL,NULL,NULL,NULL,NULL,NULL,NULL,NULL,NULL,NULL,NULL,NULL,1,NULL),(131,2,'Bounty Hunter Fighter',NULL,450000,5,NULL,NULL,NULL,NULL,NULL,NULL,NULL,NULL,NULL,NULL,NULL,NULL,NULL,1,NULL),(132,16,'Fork',NULL,10,0,NULL,NULL,NULL,NULL,NULL,NULL,NULL,NULL,NULL,NULL,NULL,NULL,NULL,1,NULL),(133,16,'Marksman-H Combat Remote',NULL,10000,0,NULL,NULL,NULL,NULL,NULL,NULL,NULL,NULL,NULL,NULL,NULL,NULL,NULL,1,NULL),(134,16,'Mark IV',NULL,25000,0,NULL,NULL,NULL,NULL,NULL,NULL,NULL,NULL,NULL,NULL,NULL,NULL,NULL,1,NULL),(135,16,'Deep Space Target Practice Unit',NULL,200000,0,NULL,NULL,NULL,NULL,NULL,NULL,NULL,NULL,NULL,NULL,NULL,NULL,NULL,1,NULL),(136,16,'Easter Egg',NULL,1000,0,NULL,NULL,NULL,NULL,NULL,NULL,NULL,NULL,NULL,NULL,NULL,NULL,NULL,1,NULL),(137,16,'Space Carrot',NULL,1000,0,NULL,NULL,NULL,NULL,NULL,NULL,NULL,NULL,NULL,NULL,NULL,NULL,NULL,1,NULL),(138,16,'Rabbit',NULL,1000000,0,NULL,NULL,NULL,NULL,NULL,NULL,NULL,NULL,NULL,NULL,NULL,NULL,NULL,1,'Requires Carrots in Order to Survive'),(139,16,'Energizer Bunny',NULL,100000000,0,NULL,NULL,NULL,NULL,NULL,NULL,NULL,NULL,NULL,NULL,NULL,NULL,NULL,1,NULL),(142,16,'BB-Series Astromech',NULL,0,0,NULL,NULL,NULL,NULL,NULL,NULL,NULL,NULL,NULL,NULL,NULL,NULL,NULL,1,'Free with First Order'),(143,16,'Ewok Pilot',NULL,0,0,NULL,NULL,NULL,NULL,NULL,NULL,NULL,NULL,NULL,NULL,NULL,NULL,NULL,1,'Free with First Order'),(144,16,'Jedi Pilot',NULL,0,0,NULL,NULL,NULL,NULL,NULL,NULL,NULL,NULL,NULL,NULL,NULL,NULL,NULL,1,'Free with First Order'),(145,16,'Lurmen',NULL,2000,0,NULL,NULL,NULL,NULL,NULL,NULL,NULL,NULL,NULL,NULL,NULL,NULL,NULL,1,NULL),(146,16,'Lemur',NULL,500,0,NULL,NULL,NULL,NULL,NULL,NULL,NULL,NULL,NULL,NULL,NULL,NULL,NULL,1,NULL),(147,16,'Siamese Cat',NULL,1000,0,NULL,NULL,NULL,NULL,NULL,NULL,NULL,NULL,NULL,NULL,NULL,NULL,NULL,1,'literally a Siamese cat, will sometimes howl when hungry'),(148,16,'BBQ Droid with a cowboy hat',NULL,2000,0,NULL,NULL,NULL,NULL,NULL,NULL,NULL,NULL,NULL,NULL,NULL,NULL,NULL,1,NULL),(149,16,'Ghost Bobblehead',NULL,1000000,0,NULL,NULL,NULL,NULL,NULL,NULL,NULL,NULL,NULL,NULL,NULL,NULL,NULL,1,NULL),(150,16,'Headless Horseman Bobblehead',NULL,1500000,0,NULL,NULL,NULL,NULL,NULL,NULL,NULL,NULL,NULL,NULL,NULL,NULL,NULL,1,NULL),(151,16,'Pistoeka sabotage droid',NULL,2000,0,NULL,NULL,NULL,NULL,NULL,NULL,NULL,NULL,NULL,NULL,NULL,NULL,NULL,1,NULL),(152,16,'DRK-1 Dark Eye probe droid',NULL,15000,1,NULL,NULL,NULL,NULL,NULL,NULL,NULL,NULL,NULL,NULL,NULL,NULL,NULL,1,NULL),(153,16,'Hot Tub',NULL,1000000,0,69,NULL,NULL,NULL,NULL,NULL,NULL,NULL,NULL,NULL,NULL,NULL,NULL,1,NULL),(154,11,'Baron Battle Droid',NULL,30000,0,NULL,NULL,NULL,NULL,NULL,NULL,NULL,NULL,NULL,NULL,NULL,NULL,NULL,1,NULL),(155,11,'Naboo Handmaidens',NULL,15000000,2,NULL,NULL,NULL,NULL,NULL,NULL,NULL,NULL,NULL,NULL,NULL,NULL,NULL,1,'Is not a body guard, just a lowly handmaiden'),(156,11,'Sith War Droid Mk I',NULL,75000,0,NULL,NULL,NULL,NULL,NULL,NULL,NULL,NULL,NULL,NULL,NULL,NULL,NULL,1,NULL),(157,11,'Venom Assault Trooper',NULL,200000,1,NULL,NULL,NULL,NULL,NULL,NULL,NULL,NULL,NULL,NULL,NULL,NULL,NULL,1,'No Gas Grenades'),(158,11,'ASP-19 Training Droid',NULL,5000000,0,25,NULL,NULL,NULL,NULL,NULL,NULL,NULL,NULL,NULL,NULL,NULL,NULL,1,NULL),(159,11,'Thunder Guard',NULL,8000,2,NULL,NULL,NULL,NULL,NULL,NULL,NULL,NULL,NULL,NULL,NULL,NULL,NULL,1,NULL),(160,11,'Sentinel Droid',NULL,10000,0,NULL,NULL,NULL,NULL,NULL,NULL,NULL,NULL,NULL,NULL,NULL,NULL,NULL,1,'Can&#039;t buy: OOM'),(161,11,'Mark IV Assault Droid',NULL,20000,0,NULL,NULL,NULL,NULL,NULL,NULL,NULL,NULL,NULL,NULL,NULL,NULL,NULL,1,NULL),(162,11,'Clone Jump Trooper',NULL,25000,1,NULL,NULL,NULL,NULL,NULL,NULL,NULL,NULL,NULL,NULL,NULL,NULL,NULL,1,NULL),(163,11,'Sith Acolyte (Imperial Version)',NULL,15000000,0,15,NULL,NULL,NULL,NULL,NULL,NULL,NULL,NULL,NULL,NULL,NULL,NULL,1,NULL),(164,11,'Brite-Boyz',NULL,6000,2,NULL,NULL,NULL,NULL,NULL,NULL,NULL,NULL,NULL,NULL,NULL,NULL,NULL,1,NULL),(165,11,'First Order Raider',NULL,30000,2,NULL,NULL,NULL,NULL,NULL,NULL,NULL,NULL,NULL,NULL,NULL,NULL,NULL,1,NULL),(166,11,'Rad Troopers',NULL,35000,0,NULL,NULL,NULL,NULL,NULL,NULL,NULL,NULL,NULL,NULL,NULL,NULL,NULL,1,NULL),(168,11,'HK-24',NULL,100000,0,NULL,NULL,NULL,NULL,NULL,NULL,NULL,NULL,NULL,NULL,NULL,NULL,NULL,1,NULL),(169,11,'Nimbus Commando',NULL,4500000,0,NULL,NULL,NULL,NULL,NULL,NULL,NULL,NULL,NULL,NULL,NULL,NULL,NULL,1,NULL),(170,11,'Droid Worker',NULL,10000,0,NULL,NULL,NULL,NULL,NULL,NULL,NULL,NULL,NULL,NULL,NULL,NULL,NULL,1,NULL),(171,11,'Cold Assault Battle Droid',NULL,9000,0,NULL,NULL,NULL,NULL,NULL,NULL,NULL,NULL,NULL,NULL,NULL,NULL,NULL,1,NULL),(172,11,'DK-27 Guardian Droid',NULL,500000,0,NULL,NULL,NULL,NULL,NULL,NULL,NULL,NULL,NULL,NULL,NULL,NULL,NULL,1,NULL),(173,11,'ARC Trooper',NULL,2000000,2,NULL,NULL,NULL,NULL,NULL,NULL,NULL,NULL,NULL,NULL,NULL,NULL,NULL,1,NULL),(174,11,'Incinerator War Droid',NULL,10000000,0,40,NULL,NULL,NULL,NULL,NULL,NULL,NULL,NULL,NULL,NULL,NULL,NULL,1,NULL),(175,11,'Imperial Knight',NULL,50000000,0,NULL,NULL,NULL,NULL,NULL,NULL,NULL,NULL,NULL,NULL,NULL,NULL,NULL,1,NULL),(176,11,'Neimoidian Warrior',NULL,5000,0,NULL,NULL,NULL,NULL,NULL,NULL,NULL,NULL,NULL,NULL,NULL,NULL,NULL,1,NULL),(177,11,'First Order Stormtrooper',NULL,10000,2,NULL,NULL,NULL,NULL,NULL,NULL,NULL,NULL,NULL,NULL,NULL,NULL,NULL,1,NULL),(178,11,'Radiation Zone Assault Trooper',NULL,35000,0,NULL,NULL,NULL,NULL,NULL,NULL,NULL,NULL,NULL,NULL,NULL,NULL,NULL,1,NULL),(179,11,'Sith Officer',NULL,50000,0,NULL,NULL,NULL,NULL,NULL,NULL,NULL,NULL,NULL,NULL,NULL,NULL,NULL,1,NULL),(180,11,'E-XD-series Infiltrator Droid',NULL,60000,0,NULL,NULL,NULL,NULL,NULL,NULL,NULL,NULL,NULL,NULL,NULL,NULL,NULL,1,NULL),(181,11,'Droideka Oppressor',NULL,750000,0,NULL,NULL,NULL,NULL,NULL,NULL,NULL,NULL,NULL,NULL,NULL,NULL,NULL,1,NULL),(182,11,'SD-9 War Droid',NULL,2000000,0,NULL,NULL,NULL,NULL,NULL,NULL,NULL,NULL,NULL,NULL,NULL,NULL,NULL,1,NULL),(183,11,'Sith Trooper (TRoS version)',NULL,25000,2,NULL,NULL,NULL,NULL,NULL,NULL,NULL,NULL,NULL,NULL,NULL,NULL,NULL,1,NULL),(184,11,'Antarian Ranger',NULL,50000,1,NULL,NULL,NULL,NULL,NULL,NULL,NULL,NULL,NULL,NULL,NULL,NULL,NULL,1,NULL),(185,11,'Shadow Stormtrooper',NULL,4000000,0,40,NULL,NULL,NULL,NULL,NULL,NULL,NULL,NULL,NULL,NULL,NULL,NULL,1,NULL),(186,11,'Saber Guard',NULL,15000000,0,15,NULL,NULL,NULL,NULL,NULL,NULL,NULL,NULL,NULL,NULL,NULL,NULL,1,NULL),(187,11,'Senate Commando',NULL,750000,0,NULL,NULL,NULL,NULL,NULL,NULL,NULL,NULL,NULL,NULL,NULL,NULL,NULL,1,NULL),(188,11,'Special Tactics Trooper',NULL,400000,2,NULL,NULL,NULL,NULL,NULL,NULL,NULL,NULL,NULL,NULL,NULL,NULL,NULL,1,NULL),(189,11,'Corellian Security Force Agent',NULL,1000000,0,NULL,NULL,NULL,NULL,NULL,NULL,NULL,NULL,NULL,NULL,NULL,NULL,NULL,1,NULL),(190,11,'Jensaarai Ring Defender',NULL,25000000,0,15,NULL,NULL,NULL,NULL,NULL,NULL,NULL,NULL,NULL,NULL,NULL,NULL,1,NULL),(191,11,'Senate Guards',NULL,75000,1,NULL,NULL,NULL,NULL,NULL,NULL,NULL,NULL,NULL,NULL,NULL,NULL,NULL,1,NULL),(192,11,'Elite Squad Troopers',NULL,750000,1,NULL,NULL,NULL,NULL,NULL,NULL,NULL,NULL,NULL,NULL,NULL,NULL,NULL,1,NULL),(194,11,'Tythonian War Droid',NULL,6000,1,NULL,NULL,NULL,NULL,NULL,NULL,NULL,NULL,NULL,NULL,NULL,NULL,NULL,1,'No training sabre'),(195,11,'D-wing air support droids',NULL,10000,0,NULL,NULL,NULL,NULL,NULL,NULL,NULL,NULL,NULL,NULL,NULL,NULL,NULL,1,NULL),(196,11,'Devastator War Droid',NULL,15000,0,NULL,NULL,NULL,NULL,NULL,NULL,NULL,NULL,NULL,NULL,NULL,NULL,NULL,1,NULL),(197,11,'First Order security droid',NULL,50000,0,NULL,NULL,NULL,NULL,NULL,NULL,NULL,NULL,NULL,NULL,NULL,NULL,NULL,1,NULL),(198,11,'DTS-series Dismantler Droid',NULL,150000,0,NULL,NULL,NULL,NULL,NULL,NULL,NULL,NULL,NULL,NULL,NULL,NULL,NULL,1,NULL),(199,11,'Republic Troopers',NULL,10000,1,NULL,NULL,NULL,NULL,NULL,NULL,NULL,NULL,NULL,NULL,NULL,NULL,NULL,1,NULL),(200,11,'Old Republic Troopers',NULL,10000,1,NULL,NULL,NULL,NULL,NULL,NULL,NULL,NULL,NULL,NULL,NULL,NULL,NULL,1,NULL),(201,11,'Imperial Soldier',NULL,10000,1,NULL,NULL,NULL,NULL,NULL,NULL,NULL,NULL,NULL,NULL,NULL,NULL,NULL,1,NULL),(202,11,'Eternal Empire Special Operator',NULL,20000,1,NULL,NULL,NULL,NULL,NULL,NULL,NULL,NULL,NULL,NULL,NULL,NULL,NULL,1,NULL),(203,11,'SCAR Heavy Weapons Trooper',NULL,2000000,3,6,NULL,NULL,NULL,NULL,NULL,NULL,NULL,NULL,NULL,NULL,NULL,NULL,1,NULL),(204,11,'SCAR Flamethrower Trooper',NULL,2000000,0,6,NULL,NULL,NULL,NULL,NULL,NULL,NULL,NULL,NULL,NULL,NULL,NULL,1,NULL),(205,11,'SCAR Slicer',NULL,2000000,4,6,NULL,NULL,NULL,NULL,NULL,NULL,NULL,NULL,NULL,NULL,NULL,NULL,1,NULL),(206,11,'SCAR Melee Specialist',NULL,2000000,4,6,NULL,NULL,NULL,NULL,NULL,NULL,NULL,NULL,NULL,NULL,NULL,NULL,1,NULL),(207,11,'SCAR Sniper',NULL,2000000,3,6,NULL,NULL,NULL,NULL,NULL,NULL,NULL,NULL,NULL,NULL,NULL,NULL,1,NULL),(208,11,'SCAR Engineer',NULL,2000000,4,6,NULL,NULL,NULL,NULL,NULL,NULL,NULL,NULL,NULL,NULL,NULL,NULL,1,NULL),(209,11,'Krath War Droid',NULL,200000,0,NULL,NULL,NULL,NULL,NULL,NULL,NULL,NULL,NULL,NULL,NULL,NULL,NULL,1,NULL),(210,11,'Guavian Security Soldier',NULL,50000,0,NULL,NULL,NULL,NULL,NULL,NULL,NULL,NULL,NULL,NULL,NULL,NULL,NULL,1,NULL),(211,11,'Special Ops Clone Trooper',NULL,500000,0,NULL,NULL,NULL,NULL,NULL,NULL,NULL,NULL,NULL,NULL,NULL,NULL,NULL,1,NULL),(212,11,'Felucian Commando',NULL,6000000,1,NULL,NULL,NULL,NULL,NULL,NULL,NULL,NULL,NULL,NULL,NULL,NULL,NULL,1,NULL),(213,11,'Dapper Stormtrooper',NULL,11000,2,NULL,NULL,NULL,NULL,NULL,NULL,NULL,NULL,NULL,NULL,NULL,NULL,NULL,1,'just a regular Stormtrooper but instead of basic armour they got a fancy three piece suit'),(214,11,'Swagger Stormtrooper',NULL,4000000,0,NULL,NULL,NULL,NULL,NULL,NULL,NULL,NULL,NULL,NULL,NULL,NULL,NULL,1,'Reskined imp Intel agents, think James Bond but with a Stormtrooper helmet and ELG-3A blaster pistol'),(215,11,'Sith Eternal Fleet Technician',NULL,5000,1,NULL,NULL,NULL,NULL,NULL,NULL,NULL,NULL,NULL,NULL,NULL,NULL,NULL,1,NULL),(216,11,'FO Executioner Trooper',NULL,10000,1,NULL,NULL,NULL,NULL,NULL,NULL,NULL,NULL,NULL,NULL,NULL,NULL,NULL,1,NULL),(217,11,'SD-6 Hulk',NULL,500000,0,NULL,NULL,NULL,NULL,NULL,NULL,NULL,NULL,NULL,NULL,NULL,NULL,NULL,1,NULL),(218,11,'Fromm Tower Droid',NULL,1000000,0,NULL,NULL,NULL,NULL,NULL,NULL,NULL,NULL,NULL,NULL,NULL,NULL,NULL,1,NULL),(219,11,'Clone Assassin',NULL,1000000,0,NULL,NULL,NULL,NULL,NULL,NULL,NULL,NULL,NULL,NULL,NULL,NULL,NULL,1,NULL),(220,11,'Carbonite War Droid',NULL,10000000,0,10,NULL,NULL,NULL,NULL,NULL,NULL,NULL,NULL,NULL,NULL,NULL,NULL,1,NULL),(221,11,'B&#039;omarr Monk',NULL,5000,0,NULL,NULL,NULL,NULL,NULL,NULL,NULL,NULL,NULL,NULL,NULL,NULL,NULL,1,NULL),(222,11,'Ghost-costume Ewok',NULL,10000,2,NULL,NULL,NULL,NULL,NULL,NULL,NULL,NULL,NULL,NULL,NULL,NULL,NULL,1,NULL),(223,11,'Jack-O-Lantern Stormtrooper',NULL,15000,2,NULL,NULL,NULL,NULL,NULL,NULL,NULL,NULL,NULL,NULL,NULL,NULL,NULL,1,NULL),(224,11,'Skeletal Clone Trooper',NULL,40000,2,NULL,NULL,NULL,NULL,NULL,NULL,NULL,NULL,NULL,NULL,NULL,NULL,NULL,1,NULL),(225,11,'Trickster Speeder',NULL,80000,0,NULL,NULL,NULL,NULL,NULL,NULL,NULL,NULL,NULL,NULL,NULL,NULL,NULL,1,NULL),(227,11,'Nightsisters',NULL,20000000,0,3,NULL,NULL,NULL,NULL,NULL,NULL,NULL,NULL,NULL,NULL,NULL,NULL,1,NULL),(228,11,'Stormtrooper Costume Ewok',NULL,10000,0,NULL,NULL,NULL,NULL,NULL,NULL,NULL,NULL,NULL,NULL,NULL,NULL,NULL,1,NULL),(229,11,'Scout Trooper Costume Ewok',NULL,10000,0,NULL,NULL,NULL,NULL,NULL,NULL,NULL,NULL,NULL,NULL,NULL,NULL,NULL,1,NULL),(230,11,'AT-ST Driver Costume Ewok',NULL,10000,0,NULL,NULL,NULL,NULL,NULL,NULL,NULL,NULL,NULL,NULL,NULL,NULL,NULL,1,NULL),(231,11,'TIE Fighter Pilot Costume Ewok',NULL,10000,0,NULL,NULL,NULL,NULL,NULL,NULL,NULL,NULL,NULL,NULL,NULL,NULL,NULL,1,NULL),(232,11,'Terror Droid',NULL,1000000,0,NULL,NULL,NULL,NULL,NULL,NULL,NULL,NULL,NULL,NULL,NULL,NULL,NULL,1,NULL),(233,11,'ISB Enforcers',NULL,2000000,0,NULL,NULL,NULL,NULL,NULL,NULL,NULL,NULL,NULL,NULL,NULL,NULL,NULL,1,NULL),(234,11,'Clone Trooper',NULL,20000,1,NULL,NULL,NULL,NULL,NULL,NULL,NULL,NULL,NULL,NULL,NULL,NULL,NULL,1,NULL),(235,11,'Clone Trooper Sergeant',NULL,35000,0,NULL,NULL,NULL,NULL,NULL,NULL,NULL,NULL,NULL,NULL,NULL,NULL,NULL,1,NULL),(236,11,'Clone Trooper Officer',NULL,50000,0,NULL,NULL,NULL,NULL,NULL,NULL,NULL,NULL,NULL,NULL,NULL,NULL,NULL,1,NULL),(237,11,'Clone Trooper Medic',NULL,22500,0,NULL,NULL,NULL,NULL,NULL,NULL,NULL,NULL,NULL,NULL,NULL,NULL,NULL,1,NULL),(238,11,'Clone Scout Trooper',NULL,25000,1,NULL,NULL,NULL,NULL,NULL,NULL,NULL,NULL,NULL,NULL,NULL,NULL,NULL,1,NULL),(239,11,'Clone Paratrooper',NULL,30000,1,NULL,NULL,NULL,NULL,NULL,NULL,NULL,NULL,NULL,NULL,NULL,NULL,NULL,1,NULL),(240,11,'Clone Shock Trooper',NULL,30000,0,NULL,NULL,NULL,NULL,NULL,NULL,NULL,NULL,NULL,NULL,NULL,NULL,NULL,1,NULL),(241,11,'Riot Clone Trooper',NULL,40000,0,NULL,NULL,NULL,NULL,NULL,NULL,NULL,NULL,NULL,NULL,NULL,NULL,NULL,1,NULL),(242,11,'Covert Ops Clone Trooper',NULL,100000,0,NULL,NULL,NULL,NULL,NULL,NULL,NULL,NULL,NULL,NULL,NULL,NULL,NULL,1,NULL),(243,11,'Modifiable Merc',NULL,7500,2,NULL,NULL,NULL,NULL,NULL,NULL,NULL,NULL,NULL,NULL,NULL,NULL,NULL,1,'Stormtrooper training, stormtrooper equivalent armour, blaster rifle, blaster pistol'),(244,11,'Badass Modifiable Merc',NULL,12000,2,NULL,NULL,NULL,NULL,NULL,NULL,NULL,NULL,NULL,NULL,NULL,NULL,NULL,1,'Like the regular ones but with heavier armour and a heavy blaster rifle'),(245,11,'Specialist Mod Merc',NULL,10000,2,NULL,NULL,NULL,NULL,NULL,NULL,NULL,NULL,NULL,NULL,NULL,NULL,NULL,1,NULL),(246,11,'B2 Chainsaw droid',NULL,35000,0,NULL,NULL,NULL,NULL,NULL,NULL,NULL,NULL,NULL,NULL,NULL,NULL,NULL,1,NULL),(247,11,'Sniper droideka',NULL,50000,0,NULL,NULL,NULL,NULL,NULL,NULL,NULL,NULL,NULL,NULL,NULL,NULL,NULL,1,NULL),(248,11,'Dark trooper phase I',NULL,500000,0,NULL,NULL,NULL,NULL,NULL,NULL,NULL,NULL,NULL,NULL,NULL,NULL,NULL,1,NULL),(249,11,'Imperial super commando',NULL,650000,0,NULL,NULL,NULL,NULL,NULL,NULL,NULL,NULL,NULL,NULL,NULL,NULL,NULL,1,NULL),(250,11,'Dark trooper phase II',NULL,1500000,0,NULL,NULL,NULL,NULL,NULL,NULL,NULL,NULL,NULL,NULL,NULL,NULL,NULL,1,NULL),(251,11,'Dark trooper phase III',NULL,3000000,0,2,NULL,NULL,NULL,NULL,NULL,NULL,NULL,NULL,NULL,NULL,NULL,NULL,1,NULL),(252,11,'Beach Trooper',NULL,1337,4,NULL,NULL,NULL,NULL,NULL,NULL,NULL,NULL,NULL,NULL,NULL,NULL,NULL,1,'the Infantry mod cap does not apply to them'),(253,NULL,'S40K Phoenix Hawk-class light pinnace',NULL,700000,2,NULL,NULL,NULL,NULL,NULL,NULL,NULL,NULL,NULL,NULL,NULL,NULL,NULL,1,NULL),(254,NULL,'Guavian Starship',NULL,1200000,0,NULL,NULL,NULL,NULL,NULL,NULL,NULL,NULL,NULL,NULL,NULL,NULL,NULL,1,NULL),(255,NULL,'T-Class Personal Long Range Cruiser',NULL,2000000,2,NULL,NULL,NULL,NULL,NULL,NULL,NULL,NULL,NULL,NULL,NULL,NULL,NULL,1,NULL),(256,NULL,'Sigma Class Long Range Shuttle',NULL,2000000,3,NULL,NULL,NULL,NULL,NULL,NULL,NULL,NULL,NULL,NULL,NULL,NULL,NULL,1,NULL),(257,NULL,'Pelagia Duplex Command Assault Gunship',NULL,2000000,0,NULL,NULL,NULL,NULL,NULL,NULL,NULL,NULL,NULL,NULL,NULL,NULL,NULL,1,NULL),(258,NULL,'Zeta-Class Shuttle',NULL,2000000,0,NULL,NULL,NULL,NULL,NULL,NULL,NULL,NULL,NULL,NULL,NULL,NULL,NULL,1,NULL),(259,NULL,'KT-400 military droid carrier',NULL,3000000,0,NULL,NULL,NULL,NULL,NULL,NULL,NULL,NULL,NULL,NULL,NULL,NULL,NULL,1,NULL),(260,NULL,'T-6 Shuttle',NULL,500000,1,NULL,NULL,NULL,NULL,NULL,NULL,NULL,NULL,NULL,NULL,NULL,NULL,NULL,1,NULL),(261,NULL,'AAL-1971/9.1',NULL,500000,3,NULL,NULL,NULL,NULL,NULL,NULL,NULL,NULL,NULL,NULL,NULL,NULL,NULL,1,NULL),(262,NULL,'TIE/es Assault Shuttle',NULL,1000000,2,NULL,NULL,NULL,NULL,NULL,NULL,NULL,NULL,NULL,NULL,NULL,NULL,NULL,1,NULL),(263,NULL,'HWK-290 Light Freighter',NULL,1250000,5,NULL,NULL,NULL,NULL,NULL,NULL,NULL,NULL,NULL,NULL,NULL,NULL,NULL,1,NULL),(264,NULL,'YZ-775 Medium Transport',NULL,2000000,5,NULL,NULL,NULL,NULL,NULL,NULL,NULL,NULL,NULL,NULL,NULL,NULL,NULL,1,NULL),(265,NULL,'WR-542 Shooting Star',NULL,1000000,2,NULL,NULL,NULL,NULL,NULL,NULL,NULL,NULL,NULL,NULL,NULL,NULL,NULL,1,NULL),(266,NULL,'YT-5100 Shriek-class Bomber',NULL,3000000,0,NULL,NULL,NULL,NULL,NULL,NULL,NULL,NULL,NULL,NULL,NULL,NULL,NULL,1,NULL),(267,NULL,'Bantha-class Assault Shuttle',NULL,4000000,2,NULL,NULL,NULL,NULL,NULL,NULL,NULL,NULL,NULL,NULL,NULL,NULL,NULL,1,NULL),(268,NULL,'Xi-Class Light Shuttle',NULL,800000,3,NULL,NULL,NULL,NULL,NULL,NULL,NULL,NULL,NULL,NULL,NULL,NULL,NULL,1,'Can Equip: HIMS Generator'),(269,NULL,'Baronial Class Yacht',NULL,1000000,1,NULL,NULL,NULL,NULL,NULL,NULL,NULL,NULL,NULL,NULL,NULL,NULL,NULL,1,NULL),(270,NULL,'Taloron Prey Chaser',NULL,1500000,4,NULL,NULL,NULL,NULL,NULL,NULL,NULL,NULL,NULL,NULL,NULL,NULL,NULL,1,NULL),(271,NULL,'Nune-class Imperial Shuttle',NULL,2000000,0,NULL,NULL,NULL,NULL,NULL,NULL,NULL,NULL,NULL,NULL,NULL,NULL,NULL,1,NULL),(272,NULL,'Delta-Class T-3c Shuttle',NULL,0,0,NULL,NULL,NULL,NULL,NULL,NULL,NULL,NULL,NULL,NULL,NULL,NULL,NULL,1,'Free with First Order'),(274,NULL,'Delaya Class Courier',NULL,1000000,2,NULL,NULL,NULL,NULL,NULL,NULL,NULL,NULL,NULL,NULL,NULL,NULL,NULL,1,NULL),(275,NULL,'Gladius-Class Light Freighter',NULL,2000000,0,NULL,NULL,NULL,NULL,NULL,NULL,NULL,NULL,NULL,NULL,NULL,NULL,NULL,1,NULL),(276,NULL,'MC-24a Light Shuttle',NULL,0,0,NULL,NULL,NULL,NULL,NULL,NULL,NULL,NULL,NULL,NULL,NULL,NULL,NULL,1,'Free with First Order'),(277,NULL,'Eternal Empire Shuttle',NULL,1500000,3,NULL,NULL,NULL,NULL,NULL,NULL,NULL,NULL,NULL,NULL,NULL,NULL,NULL,1,NULL),(278,NULL,'Longbeam',NULL,2500000,2,NULL,NULL,NULL,NULL,NULL,NULL,NULL,NULL,NULL,NULL,NULL,NULL,NULL,1,NULL),(279,NULL,'Crix-Class Diplomatic Courier Shuttle',NULL,0,0,NULL,NULL,NULL,NULL,NULL,NULL,NULL,NULL,NULL,NULL,NULL,NULL,NULL,1,'Free with First Order'),(280,NULL,'Sheathipede Class Shuttle',NULL,1500000,3,NULL,NULL,NULL,NULL,NULL,NULL,NULL,NULL,NULL,NULL,NULL,NULL,NULL,1,NULL),(281,NULL,'Multi Environment Space Boat',NULL,3000000,6,NULL,NULL,NULL,NULL,NULL,NULL,NULL,NULL,NULL,NULL,NULL,NULL,NULL,1,'can equip Troop transport and bubble Turret'),(282,NULL,'Oubliette-class transport',NULL,3500000,3,NULL,NULL,NULL,NULL,NULL,NULL,NULL,NULL,NULL,NULL,NULL,NULL,NULL,1,'can equip Cloak drive and Seismic charges'),(283,NULL,'ZH-40 Tribune-class light freighter',NULL,4000000,3,NULL,NULL,NULL,NULL,NULL,NULL,NULL,NULL,NULL,NULL,NULL,NULL,NULL,1,'can equip Seismic charges'),(284,NULL,'YC-123B Transport Hauler',NULL,2000000,4,NULL,NULL,NULL,NULL,NULL,NULL,NULL,NULL,NULL,NULL,NULL,NULL,NULL,1,NULL),(285,NULL,'Daimanate transport',NULL,750000,2,NULL,NULL,NULL,NULL,NULL,NULL,NULL,NULL,NULL,NULL,NULL,NULL,NULL,1,NULL),(286,NULL,'MAAT',NULL,900000,1,NULL,NULL,NULL,NULL,NULL,NULL,NULL,NULL,NULL,NULL,NULL,NULL,NULL,1,NULL),(287,NULL,'Kappa Class Shuttle',NULL,1200000,4,NULL,NULL,NULL,NULL,NULL,NULL,NULL,NULL,NULL,NULL,NULL,NULL,NULL,1,NULL),(288,NULL,'J-1 Shuttle',NULL,2000000,3,NULL,NULL,NULL,NULL,NULL,NULL,NULL,NULL,NULL,NULL,NULL,NULL,NULL,1,NULL),(289,NULL,'First Order Dropship',NULL,8000000,2,NULL,NULL,NULL,NULL,NULL,NULL,NULL,NULL,NULL,NULL,NULL,NULL,NULL,1,'Can equip: hyperdrive mod'),(290,NULL,'Nu-class',NULL,2000000,0,NULL,NULL,NULL,NULL,NULL,NULL,NULL,NULL,NULL,NULL,NULL,NULL,NULL,1,NULL),(291,NULL,'Theta-Class T-2c Shuttle',NULL,1750000,3,NULL,NULL,NULL,NULL,NULL,NULL,NULL,NULL,NULL,NULL,NULL,NULL,NULL,1,NULL),(292,NULL,'Omicron-class shuttle',NULL,2500000,4,NULL,NULL,NULL,NULL,NULL,NULL,NULL,NULL,NULL,NULL,NULL,NULL,NULL,1,NULL),(293,NULL,'Eta-class shuttle',NULL,1500000,2,NULL,NULL,NULL,NULL,NULL,NULL,NULL,NULL,NULL,NULL,NULL,NULL,NULL,1,NULL),(294,NULL,'Republic executive shuttle',NULL,1500000,1,NULL,NULL,NULL,NULL,NULL,NULL,NULL,NULL,NULL,NULL,NULL,NULL,NULL,1,NULL),(297,NULL,'Helix Class Interceptor',NULL,600000,2,NULL,NULL,NULL,NULL,NULL,NULL,NULL,NULL,NULL,NULL,NULL,NULL,NULL,1,NULL),(298,NULL,'Ergesh Starjumper',NULL,1500000,0,NULL,NULL,NULL,NULL,NULL,NULL,NULL,NULL,NULL,NULL,NULL,NULL,NULL,1,NULL),(299,NULL,'Law-Class Light Patrol Craft (s)',NULL,5000000,2,NULL,NULL,NULL,NULL,NULL,NULL,NULL,NULL,NULL,NULL,NULL,NULL,NULL,1,NULL),(300,NULL,'Imperial Transport (Mando)',NULL,850000,0,NULL,NULL,NULL,NULL,NULL,NULL,NULL,NULL,NULL,NULL,NULL,NULL,NULL,1,NULL),(301,7,'Side Gunner',NULL,100000,0,NULL,NULL,NULL,NULL,NULL,NULL,NULL,NULL,NULL,NULL,NULL,NULL,NULL,1,NULL),(302,NULL,'Aerial Landing Platform',NULL,10000000,1,NULL,NULL,NULL,NULL,NULL,NULL,NULL,NULL,NULL,NULL,NULL,NULL,NULL,1,NULL),(303,NULL,'Eternal Empire Walker',NULL,1000000,0,NULL,NULL,NULL,NULL,NULL,NULL,NULL,NULL,NULL,NULL,NULL,NULL,NULL,1,NULL),(304,NULL,'Strategic Command Walker',NULL,1500000,0,NULL,NULL,NULL,NULL,NULL,NULL,NULL,NULL,NULL,NULL,NULL,NULL,NULL,1,NULL),(305,NULL,'Manka-Class Armoured Transport','Manka',2000000,0,NULL,NULL,NULL,NULL,NULL,NULL,NULL,NULL,NULL,NULL,NULL,NULL,NULL,1,NULL),(306,NULL,'Armored Tank',NULL,69000,0,NULL,NULL,NULL,NULL,NULL,NULL,NULL,NULL,NULL,NULL,NULL,NULL,NULL,1,NULL),(307,NULL,'Umbaran Mobile Heavy Cannon',NULL,1250000,2,NULL,NULL,NULL,NULL,NULL,NULL,NULL,NULL,NULL,NULL,NULL,NULL,NULL,1,NULL),(309,NULL,'Unstable Terrain Artillery Transport','UT-AT',1500000,0,NULL,NULL,NULL,NULL,NULL,NULL,NULL,NULL,NULL,NULL,NULL,NULL,NULL,1,NULL),(310,NULL,'All Terrain Mobile Artillery','AT-MA',2000000,0,NULL,NULL,NULL,NULL,NULL,NULL,NULL,NULL,NULL,NULL,NULL,NULL,NULL,1,NULL),(311,NULL,'HAVw A6 Juggernaut','HAVw A6',5000000,0,NULL,NULL,NULL,NULL,NULL,NULL,NULL,NULL,NULL,NULL,NULL,NULL,NULL,1,NULL),(312,NULL,'Platoon Attack Craft (s)','PAC (s)',50000,2,NULL,NULL,NULL,NULL,NULL,NULL,NULL,NULL,NULL,NULL,NULL,NULL,NULL,1,'can equip: Mounted E-Web Cannon'),(313,NULL,'NR-N99 Persuader-Class Droid Enforcer','NR-N99',800000,0,NULL,NULL,NULL,NULL,NULL,NULL,NULL,NULL,NULL,NULL,NULL,NULL,NULL,1,NULL),(314,NULL,'AT-AHT',NULL,10000000,4,NULL,NULL,NULL,NULL,NULL,NULL,NULL,NULL,NULL,NULL,NULL,NULL,NULL,1,NULL),(315,NULL,'125-Z Treadspeeder Bike',NULL,75000,0,NULL,NULL,NULL,NULL,NULL,NULL,NULL,NULL,NULL,NULL,NULL,NULL,NULL,1,NULL),(316,NULL,'IG-227 Hailfire-Class Droid Tank',NULL,1000000,0,NULL,NULL,NULL,NULL,NULL,NULL,NULL,NULL,NULL,NULL,NULL,NULL,NULL,1,'Includes Refresh Droid which can reload it 2 Times'),(317,NULL,'A5-RX Battle Tank',NULL,1500000,0,NULL,NULL,NULL,NULL,NULL,NULL,NULL,NULL,NULL,NULL,NULL,NULL,NULL,1,NULL),(318,NULL,'DN-25',NULL,250000,0,NULL,NULL,NULL,NULL,NULL,NULL,NULL,NULL,NULL,NULL,NULL,NULL,NULL,1,NULL),(319,NULL,'Yinchorri Tank',NULL,600000,1,NULL,NULL,NULL,NULL,NULL,NULL,NULL,NULL,NULL,NULL,NULL,NULL,NULL,1,NULL),(320,NULL,'AT-HH',NULL,1000000,0,NULL,NULL,NULL,NULL,NULL,NULL,NULL,NULL,NULL,NULL,NULL,NULL,NULL,1,NULL),(321,NULL,'Cantonica Zephyr GB-134 speeder',NULL,100000,3,NULL,NULL,NULL,NULL,NULL,NULL,NULL,NULL,NULL,NULL,NULL,NULL,NULL,1,NULL),(322,NULL,'AV-7 Anti Vehicle Cannon',NULL,1000000,2,NULL,NULL,NULL,NULL,NULL,NULL,NULL,NULL,NULL,NULL,NULL,NULL,NULL,1,NULL),(323,NULL,'Urban Assault Triped Transport',NULL,1000000,0,NULL,NULL,NULL,NULL,NULL,NULL,NULL,NULL,NULL,NULL,NULL,NULL,NULL,1,NULL),(324,NULL,'All-Terrain Heavy Scout',NULL,2000000,0,NULL,NULL,NULL,NULL,NULL,NULL,NULL,NULL,NULL,NULL,NULL,NULL,NULL,1,NULL),(325,NULL,'Trexler 906 Marauder',NULL,1000000,0,NULL,NULL,NULL,NULL,NULL,NULL,NULL,NULL,NULL,NULL,NULL,NULL,NULL,1,NULL),(326,NULL,'T1-B Hovertank',NULL,600000,0,NULL,NULL,NULL,NULL,NULL,NULL,NULL,NULL,NULL,NULL,NULL,NULL,NULL,1,NULL),(327,NULL,'AT-M6',NULL,5000000,2,NULL,NULL,NULL,NULL,NULL,NULL,NULL,NULL,NULL,NULL,NULL,NULL,NULL,1,NULL),(328,NULL,'HAET-221',NULL,800000,3,NULL,NULL,NULL,NULL,NULL,NULL,NULL,NULL,NULL,NULL,NULL,NULL,NULL,1,NULL),(329,NULL,'Protodeka',NULL,10000000,0,NULL,NULL,NULL,NULL,NULL,NULL,NULL,NULL,NULL,NULL,NULL,NULL,NULL,1,NULL),(330,NULL,'Wyyyschokk',NULL,7500000,0,10,NULL,NULL,NULL,NULL,NULL,NULL,NULL,NULL,NULL,NULL,NULL,NULL,1,NULL),(331,NULL,'Menagerie Dragon',NULL,2000000,0,NULL,NULL,NULL,NULL,NULL,NULL,NULL,NULL,NULL,NULL,NULL,NULL,NULL,1,NULL),(332,NULL,'Rancor',NULL,1000000,0,NULL,NULL,NULL,NULL,NULL,NULL,NULL,NULL,NULL,NULL,NULL,NULL,NULL,1,NULL),(333,NULL,'Tuk&#039;ata',NULL,50000,0,10,NULL,NULL,NULL,NULL,NULL,NULL,NULL,NULL,NULL,NULL,NULL,NULL,1,NULL),(334,NULL,'Condor Dragon',NULL,10000,0,NULL,NULL,NULL,NULL,NULL,NULL,NULL,NULL,NULL,NULL,NULL,NULL,NULL,1,NULL),(335,NULL,'Narglatch',NULL,10000,0,NULL,NULL,NULL,NULL,NULL,NULL,NULL,NULL,NULL,NULL,NULL,NULL,NULL,1,NULL),(336,NULL,'Watch-Beast',NULL,10000,0,NULL,NULL,NULL,NULL,NULL,NULL,NULL,NULL,NULL,NULL,NULL,NULL,NULL,1,NULL),(337,NULL,'Akk dog',NULL,5000,0,NULL,NULL,NULL,NULL,NULL,NULL,NULL,NULL,NULL,NULL,NULL,NULL,NULL,1,NULL),(338,NULL,'Blarth',NULL,5000,0,NULL,NULL,NULL,NULL,NULL,NULL,NULL,NULL,NULL,NULL,NULL,NULL,NULL,1,NULL),(339,NULL,'Gelagrub',NULL,5000,0,NULL,NULL,NULL,NULL,NULL,NULL,NULL,NULL,NULL,NULL,NULL,NULL,NULL,1,NULL),(340,NULL,'Happabore',NULL,1000,0,NULL,NULL,NULL,NULL,NULL,NULL,NULL,NULL,NULL,NULL,NULL,NULL,NULL,1,NULL),(341,NULL,'Class I Defense droid',NULL,800000,0,NULL,NULL,NULL,NULL,NULL,NULL,NULL,NULL,NULL,NULL,NULL,NULL,NULL,1,NULL),(343,NULL,'SPMA-T',NULL,600000,3,NULL,NULL,NULL,NULL,NULL,NULL,NULL,NULL,NULL,NULL,NULL,NULL,NULL,1,NULL),(345,NULL,'All Terrain Anti-Aircraft (s)','AT-AA (s)',3000000,3,NULL,NULL,NULL,NULL,NULL,NULL,NULL,NULL,NULL,NULL,NULL,NULL,NULL,1,NULL),(346,12,'Bavos-II Heavy Duty Military Space Platform',NULL,200000000,0,NULL,NULL,NULL,NULL,NULL,NULL,NULL,NULL,NULL,NULL,NULL,NULL,NULL,1,'2 points in the space station allocation points'),(347,12,'Krath Command Station',NULL,225000000,2,NULL,NULL,NULL,NULL,NULL,NULL,NULL,NULL,NULL,NULL,NULL,NULL,NULL,1,NULL),(348,12,'Cardan class imperial space station',NULL,30000000,2,NULL,NULL,NULL,NULL,NULL,NULL,NULL,NULL,NULL,NULL,NULL,NULL,NULL,1,'Holds 2 turbolaser battery&#039;s and hangar slots for 10 fighters'),(349,12,'Cardan class imperial space station (level 2)',NULL,75000000,3,NULL,NULL,NULL,NULL,NULL,NULL,NULL,NULL,NULL,NULL,NULL,NULL,NULL,1,'holds 4 turbolaser battery&#039;s and hangar slots for 25 fighters'),(350,12,'Cardan class imperial space station (level 3)',NULL,115000000,4,NULL,NULL,NULL,NULL,NULL,NULL,NULL,NULL,NULL,NULL,NULL,NULL,NULL,1,'holds 6 turbolaser battery&#039;s and hangar slots for 45 fighters'),(351,12,'Cardan class imperial space station (level 4)',NULL,190000000,5,NULL,NULL,NULL,NULL,NULL,NULL,NULL,NULL,NULL,NULL,NULL,NULL,NULL,1,'holds 20 turbolaser battery&#039;s, hangar slots for 65 fighters and can activate a gravity well and tractor beam that can hold anything under the size of a CSD for 20 seconds'),(352,1,'GR75 transport',NULL,500000,5,NULL,NULL,NULL,NULL,NULL,NULL,NULL,NULL,NULL,NULL,NULL,NULL,NULL,0,NULL),(353,1,'Y-8 Mining Vessel',NULL,1000000,0,NULL,NULL,NULL,NULL,NULL,NULL,NULL,NULL,NULL,NULL,NULL,NULL,NULL,0,NULL),(354,1,'BFF-1 bulk freighter',NULL,3000000,4,NULL,NULL,NULL,NULL,NULL,NULL,NULL,NULL,NULL,NULL,NULL,NULL,NULL,0,NULL),(355,1,'GS-100 salvage ship',NULL,6000000,3,NULL,NULL,NULL,NULL,NULL,NULL,NULL,NULL,NULL,NULL,NULL,NULL,NULL,0,NULL),(356,1,'IPV-1 Patrol Craft',NULL,7000000,2,NULL,NULL,NULL,NULL,NULL,NULL,NULL,NULL,NULL,NULL,NULL,NULL,NULL,0,NULL),(357,1,'Interceptor IV-class frigate',NULL,8500000,0,NULL,NULL,NULL,NULL,NULL,NULL,NULL,NULL,NULL,NULL,NULL,NULL,NULL,0,NULL),(358,1,'CR90 Corvette','CR90',9000000,5,NULL,NULL,NULL,NULL,NULL,NULL,NULL,NULL,NULL,NULL,NULL,NULL,NULL,0,NULL),(359,1,'Minstrel-class space yacht',NULL,10000000,4,NULL,NULL,NULL,NULL,NULL,NULL,NULL,NULL,NULL,NULL,NULL,NULL,NULL,0,NULL),(360,1,'C9979 landing ship',NULL,15000000,2,NULL,NULL,NULL,NULL,NULL,NULL,NULL,NULL,NULL,NULL,NULL,NULL,NULL,0,NULL),(361,1,'Kleeque-class transport',NULL,15000000,2,NULL,NULL,NULL,NULL,NULL,NULL,NULL,NULL,NULL,NULL,NULL,NULL,NULL,0,NULL),(362,1,'MedStar-class frigate',NULL,15000000,0,NULL,NULL,NULL,NULL,NULL,NULL,NULL,NULL,NULL,NULL,NULL,NULL,NULL,0,NULL),(363,1,'Crusader XX-777 prototype droid frigate',NULL,20000000,0,NULL,NULL,NULL,NULL,NULL,NULL,NULL,NULL,NULL,NULL,NULL,NULL,NULL,0,NULL),(364,1,'Pelta-Class Frigate','Pelta',25000000,5,NULL,NULL,NULL,NULL,NULL,NULL,NULL,NULL,NULL,NULL,NULL,NULL,NULL,0,NULL),(365,1,'Sabaoth destroyer',NULL,30000000,7,NULL,NULL,NULL,NULL,NULL,NULL,NULL,NULL,NULL,NULL,NULL,NULL,NULL,0,NULL),(366,1,'Nova-class battle cruiser',NULL,30000000,3,NULL,NULL,NULL,NULL,NULL,NULL,NULL,NULL,NULL,NULL,NULL,NULL,NULL,0,NULL),(367,1,'Star Galleon-class frigate',NULL,40000000,4,NULL,NULL,NULL,NULL,NULL,NULL,NULL,NULL,NULL,NULL,NULL,NULL,NULL,0,NULL),(368,1,'Neutron Star-class bulk cruiser',NULL,45000000,4,NULL,NULL,NULL,NULL,NULL,NULL,NULL,NULL,NULL,NULL,NULL,NULL,NULL,0,NULL),(370,1,'Hapan Battle Dragon',NULL,50000000,4,NULL,NULL,NULL,NULL,NULL,NULL,NULL,NULL,NULL,NULL,NULL,NULL,NULL,0,NULL),(372,1,'Space ARC Star Cruiser',NULL,60000000,2,NULL,NULL,NULL,NULL,NULL,NULL,NULL,NULL,NULL,NULL,NULL,NULL,NULL,0,NULL),(373,1,'Recusant-class light destroyer',NULL,60000000,4,NULL,NULL,NULL,NULL,NULL,NULL,NULL,NULL,NULL,NULL,NULL,NULL,NULL,0,NULL),(374,1,'Vengeance-class frigate',NULL,65000000,2,NULL,NULL,NULL,NULL,NULL,NULL,NULL,NULL,NULL,NULL,NULL,NULL,NULL,0,NULL),(375,1,'Venator-Class Star Destroyer','Venator',75000000,7,NULL,NULL,NULL,NULL,NULL,NULL,NULL,NULL,NULL,NULL,NULL,NULL,NULL,0,NULL),(376,1,'Liberator-class Cruiser',NULL,75000000,1,NULL,NULL,NULL,NULL,NULL,NULL,NULL,NULL,NULL,NULL,NULL,NULL,NULL,0,NULL),(377,1,'CIS Supply Ship',NULL,100000000,3,NULL,NULL,NULL,NULL,NULL,NULL,NULL,NULL,NULL,NULL,NULL,NULL,NULL,0,NULL),(378,1,'Dreadcusant',NULL,120000000,1,NULL,NULL,NULL,NULL,NULL,NULL,NULL,NULL,NULL,NULL,NULL,NULL,NULL,0,NULL),(379,1,'Aggressor class Star destroyer',NULL,150000000,5,NULL,NULL,NULL,NULL,NULL,NULL,NULL,NULL,NULL,NULL,NULL,NULL,NULL,0,NULL),(380,1,'Azalus Class Hutt Dreadnought',NULL,300000000,2,NULL,NULL,NULL,NULL,NULL,NULL,NULL,NULL,NULL,NULL,NULL,NULL,NULL,0,NULL),(381,1,'Loronar Field Secured Container Vessel',NULL,900000000,1,NULL,NULL,NULL,NULL,NULL,NULL,NULL,NULL,NULL,NULL,NULL,NULL,NULL,0,NULL),(382,1,'Crusader-class corvette',NULL,9000000,2,NULL,NULL,NULL,NULL,NULL,NULL,NULL,NULL,NULL,NULL,NULL,NULL,NULL,0,NULL),(383,1,'Kiltirin Class Dungeon Ship',NULL,14000000,1,NULL,NULL,NULL,NULL,NULL,NULL,NULL,NULL,NULL,NULL,NULL,NULL,NULL,0,NULL),(384,1,'Shaadlar-type troopship',NULL,15000000,0,NULL,NULL,NULL,NULL,NULL,NULL,NULL,NULL,NULL,NULL,NULL,NULL,NULL,0,NULL),(385,1,'Jehavey&#039;ir-type assault ship',NULL,25000000,0,NULL,NULL,NULL,NULL,NULL,NULL,NULL,NULL,NULL,NULL,NULL,NULL,NULL,0,NULL),(386,1,'Kyramud-type battleship',NULL,40000000,3,NULL,NULL,NULL,NULL,NULL,NULL,NULL,NULL,NULL,NULL,NULL,NULL,NULL,0,NULL),(387,1,'Munificent-Class Frigate','Munificent',45000000,6,NULL,NULL,NULL,NULL,NULL,NULL,NULL,NULL,NULL,NULL,NULL,NULL,NULL,0,NULL),(389,1,'Acclamator I-Class Assault Ship','Acclamator I',60000000,4,NULL,NULL,NULL,NULL,NULL,NULL,NULL,NULL,NULL,NULL,NULL,NULL,NULL,0,NULL),(390,1,'Mandalorian cruiser',NULL,65000000,6,NULL,NULL,NULL,NULL,NULL,NULL,NULL,NULL,NULL,NULL,NULL,NULL,NULL,0,NULL),(391,1,'Mandalorian Carrier',NULL,70000000,3,NULL,NULL,NULL,NULL,NULL,NULL,NULL,NULL,NULL,NULL,NULL,NULL,NULL,0,NULL),(392,1,'Kandosii-type Dreadnaught',NULL,80000000,5,NULL,NULL,NULL,NULL,NULL,NULL,NULL,NULL,NULL,NULL,NULL,NULL,NULL,0,NULL),(393,1,'Keldabe-class battleship',NULL,110000000,3,NULL,NULL,NULL,NULL,NULL,NULL,NULL,NULL,NULL,NULL,NULL,NULL,NULL,0,NULL),(394,1,'CR 90 Corvette',NULL,9000000,5,NULL,NULL,NULL,NULL,NULL,NULL,NULL,NULL,NULL,NULL,NULL,NULL,NULL,0,NULL),(395,1,'Sphyrna Class corvette',NULL,12000000,2,NULL,NULL,NULL,NULL,NULL,NULL,NULL,NULL,NULL,NULL,NULL,NULL,NULL,0,NULL),(396,1,'DP20 Frigate','DP20',15000000,1,NULL,NULL,NULL,NULL,NULL,NULL,NULL,NULL,NULL,NULL,NULL,NULL,NULL,0,NULL),(397,1,'Marauder-Class Corvette','Marauder',15000000,3,NULL,NULL,NULL,NULL,NULL,NULL,NULL,NULL,NULL,NULL,NULL,NULL,NULL,0,NULL),(398,1,'Warrior-class gunship',NULL,18000000,0,NULL,NULL,NULL,NULL,NULL,NULL,NULL,NULL,NULL,NULL,NULL,NULL,NULL,0,NULL),(399,1,'Alderaanian War Frigate',NULL,20000000,0,NULL,NULL,NULL,NULL,NULL,NULL,NULL,NULL,NULL,NULL,NULL,NULL,NULL,0,NULL),(400,1,'Quasar Fire-Class Bulk Cruiser','Quasar Fire',20000000,4,NULL,NULL,NULL,NULL,NULL,NULL,NULL,NULL,NULL,NULL,NULL,NULL,NULL,0,NULL),(401,1,'Corona Frigate',NULL,25000000,2,NULL,NULL,NULL,NULL,NULL,NULL,NULL,NULL,NULL,NULL,NULL,NULL,NULL,0,NULL),(402,1,'EF76 Nebulon-B Escort Frigate','Nebulon-B',25000000,3,NULL,NULL,NULL,NULL,NULL,NULL,NULL,NULL,NULL,NULL,NULL,NULL,NULL,0,NULL),(403,1,'Nebulon B2 Frigate',NULL,25000000,1,NULL,NULL,NULL,NULL,NULL,NULL,NULL,NULL,NULL,NULL,NULL,NULL,NULL,0,NULL),(404,1,'MC30c Scout Frigate',NULL,30000000,0,NULL,NULL,NULL,NULL,NULL,NULL,NULL,NULL,NULL,NULL,NULL,NULL,NULL,0,NULL),(405,1,'MC30c Torpedo Frigate',NULL,30000000,0,NULL,NULL,NULL,NULL,NULL,NULL,NULL,NULL,NULL,NULL,NULL,NULL,NULL,0,NULL),(406,1,'MC30c Frigate',NULL,45000000,5,NULL,NULL,NULL,NULL,NULL,NULL,NULL,NULL,NULL,NULL,NULL,NULL,NULL,0,NULL),(407,1,'Assault frigate',NULL,50000000,2,NULL,NULL,NULL,NULL,NULL,NULL,NULL,NULL,NULL,NULL,NULL,NULL,NULL,0,NULL),(408,1,'Hajen-class Fleet Tender',NULL,50000000,0,NULL,NULL,NULL,NULL,NULL,NULL,NULL,NULL,NULL,NULL,NULL,NULL,NULL,0,NULL),(409,1,'Belarus-class Medium Cruiser',NULL,52500000,3,NULL,NULL,NULL,NULL,NULL,NULL,NULL,NULL,NULL,NULL,NULL,NULL,NULL,0,NULL),(410,1,'MC40a',NULL,55000000,3,NULL,NULL,NULL,NULL,NULL,NULL,NULL,NULL,NULL,NULL,NULL,NULL,NULL,0,NULL),(411,1,'Dreadnaught Class Heavy Cruiser',NULL,55000000,7,NULL,NULL,NULL,NULL,NULL,NULL,NULL,NULL,NULL,NULL,NULL,NULL,NULL,0,NULL),(412,1,'Assault frigate MK II',NULL,60000000,5,NULL,NULL,NULL,NULL,NULL,NULL,NULL,NULL,NULL,NULL,NULL,NULL,NULL,0,NULL),(413,1,'MC75 cruiser',NULL,60000000,2,NULL,NULL,NULL,NULL,NULL,NULL,NULL,NULL,NULL,NULL,NULL,NULL,NULL,0,NULL),(414,1,'Mon Calamari Star Cruiser (Stocky)',NULL,65000000,3,NULL,NULL,NULL,NULL,NULL,NULL,NULL,NULL,NULL,NULL,NULL,NULL,NULL,0,NULL),(415,1,'Bothan Assault Cruiser',NULL,80000000,3,NULL,NULL,NULL,NULL,NULL,NULL,NULL,NULL,NULL,NULL,NULL,NULL,NULL,0,NULL),(416,1,'Dauntless Heavy Cruiser',NULL,100000000,2,NULL,NULL,NULL,NULL,NULL,NULL,NULL,NULL,NULL,NULL,NULL,NULL,NULL,0,NULL),(417,1,'Majestic Heavy Cruiser',NULL,105000000,2,NULL,NULL,NULL,NULL,NULL,NULL,NULL,NULL,NULL,NULL,NULL,NULL,NULL,0,NULL),(418,1,'MC80 evacuation cruiser',NULL,110000000,0,NULL,NULL,NULL,NULL,NULL,NULL,NULL,NULL,NULL,NULL,NULL,NULL,NULL,0,NULL),(419,1,'MC80a type',NULL,115000000,0,NULL,NULL,NULL,NULL,NULL,NULL,NULL,NULL,NULL,NULL,NULL,NULL,NULL,0,NULL),(420,1,'MC80 Liberty type',NULL,120000000,4,NULL,NULL,NULL,NULL,NULL,NULL,NULL,NULL,NULL,NULL,NULL,NULL,NULL,0,NULL),(421,1,'MC80B',NULL,135000000,3,NULL,NULL,NULL,NULL,NULL,NULL,NULL,NULL,NULL,NULL,NULL,NULL,NULL,0,NULL),(422,1,'MC80 Home one type',NULL,150000000,5,NULL,NULL,NULL,NULL,NULL,NULL,NULL,NULL,NULL,NULL,NULL,NULL,NULL,0,NULL),(423,1,'MC90',NULL,175000000,0,NULL,NULL,NULL,NULL,NULL,NULL,NULL,NULL,NULL,NULL,NULL,NULL,NULL,0,NULL),(424,1,'Nebula-Class Star Destroyer',NULL,175000000,3,NULL,NULL,NULL,NULL,NULL,NULL,NULL,NULL,NULL,NULL,NULL,NULL,NULL,0,NULL),(425,1,'Endurance-Class Fleet Carrier','Endurance',175000000,2,NULL,NULL,NULL,NULL,NULL,NULL,NULL,NULL,NULL,NULL,NULL,NULL,NULL,0,NULL),(426,1,'MC85 Star Cruiser',NULL,200000000,6,NULL,NULL,NULL,NULL,NULL,NULL,NULL,NULL,NULL,NULL,NULL,NULL,NULL,0,NULL),(427,1,'Bulwark III-class Battlecruiser',NULL,270000000,0,NULL,NULL,NULL,NULL,NULL,NULL,NULL,NULL,NULL,NULL,NULL,NULL,NULL,0,NULL),(428,1,'Viscount-class Star defender',NULL,2500000000,0,NULL,NULL,NULL,NULL,NULL,NULL,NULL,NULL,NULL,NULL,NULL,NULL,NULL,0,NULL),(429,1,'Action VI transport',NULL,5000000,4,NULL,NULL,NULL,NULL,NULL,NULL,NULL,NULL,NULL,NULL,NULL,NULL,NULL,0,NULL),(430,1,'MB-C1 medium transport',NULL,6000000,4,NULL,NULL,NULL,NULL,NULL,NULL,NULL,NULL,NULL,NULL,NULL,NULL,NULL,0,NULL),(432,1,'Baleen-class heavy freighter',NULL,10000000,6,NULL,NULL,NULL,NULL,NULL,NULL,NULL,NULL,NULL,NULL,NULL,NULL,NULL,0,NULL),(433,1,'Consular-class cruiser (Charger c70 Retrofit)',NULL,10000000,1,NULL,NULL,NULL,NULL,NULL,NULL,NULL,NULL,NULL,NULL,NULL,NULL,NULL,0,NULL),(438,1,'Dreadnought-Class Heavy Cruiser','DHC',55000000,7,NULL,NULL,NULL,NULL,NULL,NULL,NULL,NULL,NULL,NULL,NULL,NULL,NULL,0,NULL),(439,1,'Providence-Class Carrier Destroyer','Providence',70000000,7,NULL,NULL,NULL,NULL,NULL,NULL,NULL,NULL,NULL,NULL,NULL,NULL,NULL,0,NULL),(440,1,'Provnought (Providence Dreadnaught',NULL,140000000,1,NULL,NULL,NULL,NULL,NULL,NULL,NULL,NULL,NULL,NULL,NULL,NULL,NULL,0,NULL),(441,1,'LH-3210 cargo freighter',NULL,200000000,5,NULL,NULL,NULL,NULL,NULL,NULL,NULL,NULL,NULL,NULL,NULL,NULL,NULL,0,NULL),(442,1,'Imperial Customs Frigate',NULL,3000000,0,NULL,NULL,NULL,NULL,NULL,NULL,NULL,NULL,NULL,NULL,NULL,NULL,NULL,0,NULL),(443,1,'Burst Fire-Class Deep-Space Patrol Vessel','Burst Fire',4000000,4,NULL,NULL,NULL,NULL,NULL,NULL,NULL,NULL,NULL,NULL,NULL,NULL,NULL,0,NULL),(444,1,'Law-Class Light Patrol Craft',NULL,5000000,2,NULL,NULL,NULL,NULL,NULL,NULL,NULL,NULL,NULL,NULL,NULL,NULL,NULL,0,NULL),(445,1,'Drone freighter',NULL,5000000,8,NULL,NULL,NULL,NULL,NULL,NULL,NULL,NULL,NULL,NULL,NULL,NULL,NULL,0,NULL),(446,1,'Far*Reach IV PQR',NULL,6000000,0,NULL,NULL,NULL,NULL,NULL,NULL,NULL,NULL,NULL,NULL,NULL,NULL,NULL,0,NULL),(447,1,'Warlord Dropship',NULL,8000000,3,NULL,NULL,NULL,NULL,NULL,NULL,NULL,NULL,NULL,NULL,NULL,NULL,NULL,0,NULL),(448,1,'Raider class corvette',NULL,12000000,5,NULL,NULL,NULL,NULL,NULL,NULL,NULL,NULL,NULL,NULL,NULL,NULL,NULL,0,NULL),(449,1,'Chiss combat cruiser',NULL,13500000,2,NULL,NULL,NULL,NULL,NULL,NULL,NULL,NULL,NULL,NULL,NULL,NULL,NULL,0,NULL),(450,1,'Lancer-class frigate',NULL,20000000,0,NULL,NULL,NULL,NULL,NULL,NULL,NULL,NULL,NULL,NULL,NULL,NULL,NULL,0,NULL),(451,1,'Arquitens Command Cruiser',NULL,20000000,2,NULL,NULL,NULL,NULL,NULL,NULL,NULL,NULL,NULL,NULL,NULL,NULL,NULL,0,NULL),(452,1,'Surveyor-class Reconnaissance Frigate',NULL,30000000,2,NULL,NULL,NULL,NULL,NULL,NULL,NULL,NULL,NULL,NULL,NULL,NULL,NULL,0,NULL),(453,1,'Chiss Diplomatic Cruiser',NULL,30000000,0,NULL,NULL,NULL,NULL,NULL,NULL,NULL,NULL,NULL,NULL,NULL,NULL,NULL,0,NULL),(454,1,'Carrack class cruiser',NULL,30000000,2,NULL,NULL,NULL,NULL,NULL,NULL,NULL,NULL,NULL,NULL,NULL,NULL,NULL,0,NULL),(455,1,'Victory 2-class Frigate',NULL,40000000,2,NULL,NULL,NULL,NULL,NULL,NULL,NULL,NULL,NULL,NULL,NULL,NULL,NULL,0,NULL),(456,1,'Immobilizer 418',NULL,50000000,0,NULL,NULL,NULL,NULL,NULL,NULL,NULL,NULL,NULL,NULL,NULL,NULL,NULL,0,NULL),(457,1,'Strike Cruiser',NULL,50000000,3,NULL,NULL,NULL,NULL,NULL,NULL,NULL,NULL,NULL,NULL,NULL,NULL,NULL,0,NULL),(458,1,'Eidolon-type Strike Cruiser',NULL,52500000,3,NULL,NULL,NULL,NULL,NULL,NULL,NULL,NULL,NULL,NULL,NULL,NULL,NULL,0,NULL),(459,1,'Acclamator-Class Transport Dropship',NULL,75000000,4,NULL,NULL,NULL,NULL,NULL,NULL,NULL,NULL,NULL,NULL,NULL,NULL,NULL,0,NULL),(460,1,'Chiss assault cruiser',NULL,75000000,2,NULL,NULL,NULL,NULL,NULL,NULL,NULL,NULL,NULL,NULL,NULL,NULL,NULL,0,NULL),(461,1,'Victory I-Class Star Destroyer','VSD I',80000000,4,NULL,NULL,NULL,NULL,NULL,NULL,NULL,NULL,NULL,NULL,NULL,NULL,NULL,0,NULL),(462,1,'Victory II-Class Star Destroyer','VSD II',90000000,5,NULL,NULL,NULL,NULL,NULL,NULL,NULL,NULL,NULL,NULL,NULL,NULL,NULL,0,NULL),(463,1,'Chiss Star destroyer',NULL,100000000,3,NULL,NULL,NULL,NULL,NULL,NULL,NULL,NULL,NULL,NULL,NULL,NULL,NULL,0,NULL),(464,1,'Imperial I-Class Star Destroyer','ISD I',110000000,2,NULL,NULL,NULL,NULL,NULL,NULL,NULL,NULL,NULL,NULL,NULL,NULL,NULL,0,NULL),(467,1,'Maelstrom-Class Battle Cruiser','Maelstrom',180000000,3,NULL,NULL,NULL,NULL,NULL,NULL,NULL,NULL,NULL,NULL,NULL,NULL,NULL,0,NULL),(468,1,'Allegiance-class battlecruiser',NULL,300000000,1,NULL,NULL,NULL,NULL,NULL,NULL,NULL,NULL,NULL,NULL,NULL,NULL,NULL,0,NULL),(469,1,'Altor-class Replenishment Ship',NULL,350000000,0,NULL,NULL,NULL,NULL,NULL,NULL,NULL,NULL,NULL,NULL,NULL,NULL,NULL,0,NULL),(470,1,'Evakmar KDY Transport',NULL,1000000000,0,NULL,NULL,NULL,NULL,NULL,NULL,NULL,NULL,NULL,NULL,NULL,NULL,NULL,0,NULL),(471,1,'Guardian-class light cruiser',NULL,5000000,3,NULL,NULL,NULL,NULL,NULL,NULL,NULL,NULL,NULL,NULL,NULL,NULL,NULL,0,NULL),(472,1,'Adz-class patrol destroyer',NULL,7500000,1,NULL,NULL,NULL,NULL,NULL,NULL,NULL,NULL,NULL,NULL,NULL,NULL,NULL,0,NULL),(473,1,'Imperial Customs Corvette',NULL,10000000,4,NULL,NULL,NULL,NULL,NULL,NULL,NULL,NULL,NULL,NULL,NULL,NULL,NULL,0,NULL),(474,1,'Vigil-class corvette',NULL,15000000,2,NULL,NULL,NULL,NULL,NULL,NULL,NULL,NULL,NULL,NULL,NULL,NULL,NULL,0,NULL),(475,1,'Vibre-class assault cruiser',NULL,18000000,5,NULL,NULL,NULL,NULL,NULL,NULL,NULL,NULL,NULL,NULL,NULL,NULL,NULL,0,NULL),(476,1,'Trenchant-class cruiser',NULL,20000000,5,NULL,NULL,NULL,NULL,NULL,NULL,NULL,NULL,NULL,NULL,NULL,NULL,NULL,0,NULL),(477,1,'Munifex-Class Light cruiser',NULL,24000000,0,NULL,NULL,NULL,NULL,NULL,NULL,NULL,NULL,NULL,NULL,NULL,NULL,NULL,0,NULL),(478,1,'Imperial Escort Carrier',NULL,30000000,0,NULL,NULL,NULL,NULL,NULL,NULL,NULL,NULL,NULL,NULL,NULL,NULL,NULL,0,NULL),(479,1,'Broadside-class Cruiser',NULL,50000000,2,NULL,NULL,NULL,NULL,NULL,NULL,NULL,NULL,NULL,NULL,NULL,NULL,NULL,0,NULL),(480,1,'Modular Task Force Cruiser',NULL,50000000,1,NULL,NULL,NULL,NULL,NULL,NULL,NULL,NULL,NULL,NULL,NULL,NULL,NULL,0,NULL),(481,1,'Gladiator class Star Destroyer',NULL,50000000,3,NULL,NULL,NULL,NULL,NULL,NULL,NULL,NULL,NULL,NULL,NULL,NULL,NULL,0,NULL),(482,1,'Dragon-class heavy cruiser',NULL,60000000,0,NULL,NULL,NULL,NULL,NULL,NULL,NULL,NULL,NULL,NULL,NULL,NULL,NULL,0,NULL),(483,1,'Vindicator Heavy Cruiser',NULL,70000000,2,NULL,NULL,NULL,NULL,NULL,NULL,NULL,NULL,NULL,NULL,NULL,NULL,NULL,0,NULL),(486,1,'Procursator class',NULL,90000000,2,NULL,NULL,NULL,NULL,NULL,NULL,NULL,NULL,NULL,NULL,NULL,NULL,NULL,0,NULL),(487,1,'Interdictor Class Star Destroyer (legends)',NULL,100000000,2,NULL,NULL,NULL,NULL,NULL,NULL,NULL,NULL,NULL,NULL,NULL,NULL,NULL,0,NULL),(489,1,'Praetor Mark II-Class Battlecruiser','Praetor MK-II',300000000,0,NULL,NULL,NULL,NULL,NULL,NULL,NULL,NULL,NULL,NULL,NULL,NULL,NULL,0,NULL),(490,1,'Executor-Class Star Dreadnought','Executor',1500000000,0,NULL,NULL,NULL,NULL,NULL,NULL,NULL,NULL,NULL,NULL,NULL,NULL,NULL,0,NULL),(491,1,'MRX-BR Pacifier',NULL,5000000,0,NULL,NULL,NULL,NULL,NULL,NULL,NULL,NULL,NULL,NULL,NULL,NULL,NULL,0,NULL),(492,1,'CR92a Corvette',NULL,12000000,4,NULL,NULL,NULL,NULL,NULL,NULL,NULL,NULL,NULL,NULL,NULL,NULL,NULL,0,NULL),(494,1,'Bayonet-class Light Cruiser',NULL,18000000,2,NULL,NULL,NULL,NULL,NULL,NULL,NULL,NULL,NULL,NULL,NULL,NULL,NULL,0,NULL),(495,1,'Imperial Cargo Ship',NULL,25000000,3,NULL,NULL,NULL,NULL,NULL,NULL,NULL,NULL,NULL,NULL,NULL,NULL,NULL,0,NULL),(496,1,'Ton falk carrier',NULL,40000000,3,NULL,NULL,NULL,NULL,NULL,NULL,NULL,NULL,NULL,NULL,NULL,NULL,NULL,0,NULL),(499,1,'Assertor class star dreadnaught',NULL,1000000000,0,NULL,NULL,NULL,NULL,NULL,NULL,NULL,NULL,NULL,NULL,NULL,NULL,NULL,0,NULL),(501,1,'IR-3F-class light frigate',NULL,7000000,5,NULL,NULL,NULL,NULL,NULL,NULL,NULL,NULL,NULL,NULL,NULL,NULL,NULL,0,NULL),(503,1,'Enforcer-class picket cruiser',NULL,50000000,2,NULL,NULL,NULL,NULL,NULL,NULL,NULL,NULL,NULL,NULL,NULL,NULL,NULL,0,NULL),(504,1,'Acclamator II-Class Assault Ship','Acclamator II',70000000,0,NULL,NULL,NULL,NULL,NULL,NULL,NULL,NULL,NULL,NULL,NULL,NULL,NULL,0,NULL),(505,1,'Torpedo Sphere',NULL,250000000,0,NULL,NULL,NULL,NULL,NULL,NULL,NULL,NULL,NULL,NULL,NULL,NULL,NULL,0,NULL),(508,1,'Secutor-Class Battlecruiser','Secutor',150000000,5,NULL,NULL,NULL,NULL,NULL,NULL,NULL,NULL,NULL,NULL,NULL,NULL,8,0,NULL),(509,1,'Bellator-class dreadnought',NULL,850000000,0,NULL,NULL,NULL,NULL,NULL,NULL,NULL,NULL,NULL,NULL,NULL,NULL,NULL,0,NULL),(510,1,'Etti light cruiser',NULL,14000000,0,NULL,NULL,NULL,NULL,NULL,NULL,NULL,NULL,NULL,NULL,NULL,NULL,NULL,0,NULL),(511,1,'Tartan-Class Patrol Cruiser','Tartan',17500000,0,NULL,NULL,NULL,NULL,NULL,NULL,NULL,NULL,NULL,NULL,NULL,NULL,NULL,0,NULL),(515,1,'Tector-class Star Destroyer',NULL,110000000,0,NULL,NULL,NULL,NULL,NULL,NULL,NULL,NULL,NULL,NULL,NULL,NULL,NULL,0,NULL),(516,1,'Lucrehulk-class Battlecruiser',NULL,350000000,2,NULL,NULL,NULL,NULL,NULL,NULL,NULL,NULL,NULL,NULL,NULL,NULL,NULL,0,NULL),(518,2,'Mining Guild TIE fighter',NULL,50000,0,NULL,NULL,NULL,NULL,NULL,NULL,NULL,NULL,NULL,NULL,NULL,NULL,NULL,0,NULL),(519,2,'Vulture-Class Droid Starfighter','Vulture Droid',100000,0,NULL,NULL,NULL,NULL,NULL,NULL,NULL,NULL,NULL,NULL,NULL,NULL,NULL,0,NULL),(520,2,'V-19 Torrent Starfighter',NULL,175000,3,NULL,NULL,NULL,NULL,NULL,NULL,NULL,NULL,NULL,NULL,NULL,NULL,NULL,0,NULL),(521,2,'Hyena Bomber',NULL,200000,0,NULL,NULL,NULL,NULL,NULL,NULL,NULL,NULL,NULL,NULL,NULL,NULL,NULL,0,NULL),(522,2,'IRD starfighter',NULL,250000,1,NULL,NULL,NULL,NULL,NULL,NULL,NULL,NULL,NULL,NULL,NULL,NULL,NULL,0,NULL),(523,2,'Cloakshape class starfighter',NULL,300000,7,NULL,NULL,NULL,NULL,NULL,NULL,NULL,NULL,NULL,NULL,NULL,NULL,NULL,0,NULL),(524,2,'Z&#039;ceptor',NULL,300000,0,NULL,NULL,NULL,NULL,NULL,NULL,NULL,NULL,NULL,NULL,NULL,NULL,NULL,0,NULL),(525,2,'StarViper MK.I',NULL,400000,0,NULL,NULL,NULL,NULL,NULL,NULL,NULL,NULL,NULL,NULL,NULL,NULL,NULL,0,NULL),(526,2,'Z-95-AF4-H Multi-Role Starfighter','Heavy &#039;95',450000,5,NULL,NULL,NULL,NULL,NULL,NULL,NULL,NULL,NULL,NULL,NULL,NULL,NULL,0,NULL),(527,2,'Y TIE',NULL,450000,0,NULL,NULL,NULL,NULL,NULL,NULL,NULL,NULL,NULL,NULL,NULL,NULL,NULL,0,NULL),(528,2,'Vaksai',NULL,500000,0,NULL,NULL,NULL,NULL,NULL,NULL,NULL,NULL,NULL,NULL,NULL,NULL,NULL,0,NULL),(529,2,'Heavy/Light Attack Fighter 500',NULL,500000,2,NULL,NULL,NULL,NULL,NULL,NULL,NULL,NULL,NULL,NULL,NULL,NULL,NULL,0,NULL),(530,2,'R-41 Starchaser',NULL,500000,0,NULL,NULL,NULL,NULL,NULL,NULL,NULL,NULL,NULL,NULL,NULL,NULL,NULL,0,NULL),(531,2,'R60 T-wing interceptor',NULL,500000,4,NULL,NULL,NULL,NULL,NULL,NULL,NULL,NULL,NULL,NULL,NULL,NULL,NULL,0,NULL),(532,2,'H-60 tempest bomber',NULL,500000,1,NULL,NULL,NULL,NULL,NULL,NULL,NULL,NULL,NULL,NULL,NULL,NULL,NULL,0,NULL),(533,2,'Trade Federation Droid Bomber',NULL,500000,1,NULL,NULL,NULL,NULL,NULL,NULL,NULL,NULL,NULL,NULL,NULL,NULL,NULL,0,NULL),(534,2,'Preybird-Class Heavy Starfighter','Preybird',500000,5,NULL,NULL,NULL,NULL,NULL,NULL,NULL,NULL,NULL,NULL,NULL,NULL,NULL,0,NULL),(535,2,'Pathfinder Class Scout Ship',NULL,550000,3,NULL,NULL,NULL,NULL,NULL,NULL,NULL,NULL,NULL,NULL,NULL,NULL,NULL,0,NULL),(536,2,'MorningStar-A starfighter',NULL,750000,0,NULL,NULL,NULL,NULL,NULL,NULL,NULL,NULL,NULL,NULL,NULL,NULL,NULL,0,NULL),(537,2,'Mankvim-814 light interceptor',NULL,750000,0,NULL,NULL,NULL,NULL,NULL,NULL,NULL,NULL,NULL,NULL,NULL,NULL,NULL,0,NULL),(538,2,'GAT-12h Skipray',NULL,1000000,3,NULL,NULL,NULL,NULL,NULL,NULL,NULL,NULL,NULL,NULL,NULL,NULL,NULL,0,NULL),(539,2,'M3-A Scyk',NULL,100000,1,NULL,NULL,NULL,NULL,NULL,NULL,NULL,NULL,NULL,NULL,NULL,NULL,NULL,0,NULL),(540,2,'G1-M4-C Dunelizard',NULL,200000,2,NULL,NULL,NULL,NULL,NULL,NULL,NULL,NULL,NULL,NULL,NULL,NULL,NULL,0,NULL),(541,2,'Z-95 Headhunter',NULL,200000,4,NULL,NULL,NULL,NULL,NULL,NULL,NULL,NULL,NULL,NULL,NULL,NULL,NULL,0,NULL),(542,2,'Fang Fighter',NULL,200000,2,NULL,NULL,NULL,NULL,NULL,NULL,NULL,NULL,NULL,NULL,NULL,NULL,NULL,0,NULL),(543,2,'V-Wing',NULL,450000,2,NULL,NULL,NULL,NULL,NULL,NULL,NULL,NULL,NULL,NULL,NULL,NULL,NULL,0,NULL),(544,2,'M12-L Kimogila',NULL,500000,1,NULL,NULL,NULL,NULL,NULL,NULL,NULL,NULL,NULL,NULL,NULL,NULL,NULL,0,NULL),(545,2,'StarViper Mk.II',NULL,500000,0,NULL,NULL,NULL,NULL,NULL,NULL,NULL,NULL,NULL,NULL,NULL,NULL,NULL,0,NULL),(546,2,'Davaab-type',NULL,600000,0,NULL,NULL,NULL,NULL,NULL,NULL,NULL,NULL,NULL,NULL,NULL,NULL,NULL,0,NULL),(547,2,'M22-T Krayt Gunship',NULL,750000,2,NULL,NULL,NULL,NULL,NULL,NULL,NULL,NULL,NULL,NULL,NULL,NULL,NULL,0,NULL),(548,2,'Gladiator Assault Fighter',NULL,800000,1,NULL,NULL,NULL,NULL,NULL,NULL,NULL,NULL,NULL,NULL,NULL,NULL,NULL,0,NULL),(549,2,'GAT-12j Skipray',NULL,1500000,0,NULL,NULL,NULL,NULL,NULL,NULL,NULL,NULL,NULL,NULL,NULL,NULL,NULL,0,NULL),(551,2,'HH-87 Starhopper',NULL,300000,3,NULL,NULL,NULL,NULL,NULL,NULL,NULL,NULL,NULL,NULL,NULL,NULL,NULL,0,NULL),(552,2,'T-65 X-wing Starfighter',NULL,500000,2,NULL,NULL,NULL,NULL,NULL,NULL,NULL,NULL,NULL,NULL,NULL,NULL,NULL,0,NULL),(553,2,'BTL-S3 Y-Wing starfighter',NULL,500000,4,NULL,NULL,NULL,NULL,NULL,NULL,NULL,NULL,NULL,NULL,NULL,NULL,NULL,0,NULL),(554,2,'A-9 Vigilance interceptor',NULL,500000,0,NULL,NULL,NULL,NULL,NULL,NULL,NULL,NULL,NULL,NULL,NULL,NULL,NULL,0,NULL),(555,2,'RZ-1 A-wing Interceptor',NULL,600000,1,NULL,NULL,NULL,NULL,NULL,NULL,NULL,NULL,NULL,NULL,NULL,NULL,NULL,0,NULL),(556,2,'H Wing',NULL,650000,2,NULL,NULL,NULL,NULL,NULL,NULL,NULL,NULL,NULL,NULL,NULL,NULL,NULL,0,NULL),(557,2,'B-wing bomber',NULL,750000,3,NULL,NULL,NULL,NULL,NULL,NULL,NULL,NULL,NULL,NULL,NULL,NULL,NULL,0,NULL),(558,2,'E-wing escort fighter',NULL,800000,0,NULL,NULL,NULL,NULL,NULL,NULL,NULL,NULL,NULL,NULL,NULL,NULL,NULL,0,NULL),(559,2,'C-73 Tracker starfighter',NULL,90000,1,NULL,NULL,NULL,NULL,NULL,NULL,NULL,NULL,NULL,NULL,NULL,NULL,NULL,0,NULL),(560,2,'Sabaoth Starfighter',NULL,350000,1,NULL,NULL,NULL,NULL,NULL,NULL,NULL,NULL,NULL,NULL,NULL,NULL,NULL,0,NULL),(561,2,'Cutlass-9 patrol fighter',NULL,350000,3,NULL,NULL,NULL,NULL,NULL,NULL,NULL,NULL,NULL,NULL,NULL,NULL,NULL,0,NULL),(562,2,'G-1A Starfighter',NULL,400000,4,NULL,NULL,NULL,NULL,NULL,NULL,NULL,NULL,NULL,NULL,NULL,NULL,NULL,0,NULL),(563,2,'NovaSword Space Superiority Fighter',NULL,400000,2,NULL,NULL,NULL,NULL,NULL,NULL,NULL,NULL,NULL,NULL,NULL,NULL,NULL,0,NULL),(564,2,'ETA 2 Interceptor',NULL,500000,4,NULL,NULL,NULL,NULL,NULL,NULL,NULL,NULL,NULL,NULL,NULL,NULL,NULL,0,NULL),(566,2,'Ixiyen-class Fast Attack Craft',NULL,500000,0,NULL,NULL,NULL,NULL,NULL,NULL,NULL,NULL,NULL,NULL,NULL,NULL,NULL,0,NULL),(567,2,'Scurrg H-6 Prototype Bomber','Scurrg H-6',1200000,4,NULL,22,NULL,NULL,'2.0','10.0',NULL,1000,5,5,NULL,NULL,NULL,0,NULL),(568,2,'TIE/LN Starfighter','TIE/LN',100000,1,NULL,NULL,NULL,NULL,NULL,NULL,NULL,NULL,NULL,NULL,NULL,NULL,NULL,0,NULL),(569,2,'TIE/sa Bomber','TIE/sa',250000,3,NULL,NULL,NULL,NULL,NULL,NULL,NULL,NULL,NULL,NULL,NULL,NULL,NULL,0,NULL),(570,2,'TIE Scout',NULL,300000,0,NULL,NULL,NULL,NULL,NULL,NULL,NULL,NULL,NULL,NULL,NULL,NULL,NULL,0,NULL),(571,2,'TIE/IN Interceptor','TIE/IN',400000,1,NULL,NULL,NULL,NULL,NULL,NULL,NULL,NULL,NULL,NULL,NULL,NULL,NULL,0,NULL),(572,2,'TIE/sk x1 Striker',NULL,400000,0,NULL,NULL,NULL,NULL,NULL,NULL,NULL,NULL,NULL,NULL,NULL,NULL,NULL,0,NULL),(573,2,'Nssis-class Clawcraft',NULL,500000,0,NULL,NULL,NULL,NULL,NULL,NULL,NULL,NULL,NULL,NULL,NULL,NULL,NULL,0,NULL),(574,2,'TIE/HU Hunter Multi-Role Starfighter','TIE/HU',750000,0,NULL,NULL,NULL,NULL,NULL,NULL,NULL,NULL,NULL,NULL,NULL,NULL,NULL,0,NULL),(575,2,'Alpha-class Xg-1 Star Wing',NULL,750000,0,NULL,NULL,NULL,NULL,NULL,NULL,NULL,NULL,NULL,NULL,NULL,NULL,NULL,0,NULL),(576,2,'TIE/IT Interdictor starfighter',NULL,900000,0,NULL,NULL,NULL,NULL,NULL,NULL,NULL,NULL,NULL,NULL,NULL,NULL,NULL,0,NULL),(577,2,'Scimitar Assault Bomber','Scimitar',1500000,1,NULL,NULL,NULL,NULL,NULL,NULL,NULL,NULL,NULL,NULL,NULL,NULL,NULL,0,NULL),(580,2,'ARC 170',NULL,500000,0,NULL,NULL,NULL,NULL,NULL,NULL,NULL,NULL,NULL,NULL,NULL,NULL,NULL,0,NULL),(581,2,'TIE Aggressor',NULL,550000,2,NULL,NULL,NULL,NULL,NULL,NULL,NULL,NULL,NULL,NULL,NULL,NULL,NULL,0,NULL),(584,2,'STC003 Starcrasher',NULL,1000000,0,NULL,NULL,NULL,NULL,NULL,NULL,NULL,NULL,NULL,NULL,NULL,NULL,NULL,0,NULL),(585,2,'TIE Oppressor',NULL,1200000,3,NULL,NULL,NULL,NULL,NULL,NULL,NULL,NULL,NULL,NULL,NULL,NULL,NULL,0,NULL),(589,2,'Ugly clutch',NULL,400000,2,NULL,NULL,NULL,NULL,NULL,NULL,NULL,NULL,NULL,NULL,NULL,NULL,NULL,0,NULL),(590,2,'V wing',NULL,450000,2,NULL,NULL,NULL,NULL,NULL,NULL,NULL,NULL,NULL,NULL,NULL,NULL,NULL,0,NULL),(591,2,'I-7 Howlrunner',NULL,450000,2,NULL,NULL,NULL,NULL,NULL,NULL,NULL,NULL,NULL,NULL,NULL,NULL,NULL,0,NULL),(592,2,'Tie Advanced X1',NULL,700000,2,NULL,NULL,NULL,NULL,NULL,NULL,NULL,NULL,NULL,NULL,NULL,NULL,NULL,0,NULL),(595,2,'TIE Brute',NULL,500000,0,NULL,NULL,NULL,NULL,NULL,NULL,NULL,NULL,NULL,NULL,NULL,NULL,NULL,0,NULL),(596,2,'TIE/D Defender','TIE/D',2000000,0,144,NULL,NULL,NULL,NULL,NULL,NULL,NULL,NULL,NULL,NULL,NULL,NULL,0,NULL),(599,2,'Droid Tri Fighter',NULL,600000,1,NULL,NULL,NULL,NULL,NULL,NULL,NULL,NULL,NULL,NULL,NULL,NULL,NULL,0,NULL),(600,2,'TIS Zeta 19',NULL,300000,3,NULL,NULL,NULL,NULL,NULL,NULL,NULL,NULL,NULL,NULL,NULL,NULL,NULL,0,NULL),(602,2,'TIE Raptor',NULL,400000,1,NULL,NULL,NULL,NULL,NULL,NULL,NULL,NULL,NULL,NULL,NULL,NULL,NULL,0,NULL),(603,2,'TIE lander',NULL,500000,0,NULL,NULL,NULL,NULL,NULL,NULL,NULL,NULL,NULL,NULL,NULL,NULL,NULL,0,NULL),(604,2,'TIE Sentinel',NULL,800000,0,NULL,NULL,NULL,NULL,NULL,NULL,NULL,NULL,NULL,NULL,NULL,NULL,NULL,0,NULL),(605,2,'TIE/ad Starfighter','TIE Avenger',1000000,0,NULL,NULL,NULL,NULL,NULL,NULL,NULL,NULL,NULL,NULL,NULL,NULL,NULL,0,NULL),(606,11,'B1-Series Battle Droid','B1',1000,0,NULL,NULL,NULL,NULL,NULL,NULL,NULL,NULL,NULL,NULL,NULL,NULL,NULL,0,NULL),(607,11,'Mercenary',NULL,2000,1,NULL,NULL,NULL,NULL,NULL,NULL,NULL,NULL,NULL,NULL,NULL,NULL,NULL,0,NULL),(608,11,'E-4 Baron',NULL,3000,0,NULL,NULL,NULL,NULL,NULL,NULL,NULL,NULL,NULL,NULL,NULL,NULL,NULL,0,NULL),(609,11,'Elite Mercenary',NULL,5000,2,NULL,NULL,NULL,NULL,NULL,NULL,NULL,NULL,NULL,NULL,NULL,NULL,NULL,0,NULL),(610,11,'Mercenary Sniper',NULL,10000,0,NULL,NULL,NULL,NULL,NULL,NULL,NULL,NULL,NULL,NULL,NULL,NULL,NULL,0,NULL),(611,11,'Bipedal Warbot',NULL,12000,1,NULL,NULL,NULL,NULL,NULL,NULL,NULL,NULL,NULL,NULL,NULL,NULL,NULL,0,NULL),(612,11,'Heavy Mercenary',NULL,12000,0,NULL,NULL,NULL,NULL,NULL,NULL,NULL,NULL,NULL,NULL,NULL,NULL,NULL,0,NULL),(613,11,'Trandoshan Mercenary',NULL,15000,1,NULL,NULL,NULL,NULL,NULL,NULL,NULL,NULL,NULL,NULL,NULL,NULL,NULL,0,NULL),(614,11,'Underwater Mercenary',NULL,20000,0,NULL,NULL,NULL,NULL,NULL,NULL,NULL,NULL,NULL,NULL,NULL,NULL,NULL,0,NULL),(615,11,'Mercenary Captain',NULL,50000,0,NULL,NULL,NULL,NULL,NULL,NULL,NULL,NULL,NULL,NULL,NULL,NULL,NULL,0,NULL),(616,7,'Dwarf Spider Droid',NULL,75000,0,NULL,NULL,NULL,NULL,NULL,NULL,NULL,NULL,NULL,NULL,NULL,NULL,NULL,0,NULL),(617,11,'Droideka',NULL,100000,0,NULL,NULL,NULL,NULL,NULL,NULL,NULL,NULL,NULL,NULL,NULL,NULL,NULL,0,NULL),(618,11,'IG-86 Sentinel Droid','IG-86',100000,0,NULL,NULL,NULL,NULL,NULL,NULL,NULL,NULL,NULL,NULL,NULL,NULL,NULL,0,NULL),(619,11,'HK 77 Assassin Droid',NULL,250000,0,NULL,NULL,NULL,NULL,NULL,NULL,NULL,NULL,NULL,NULL,NULL,NULL,NULL,0,NULL),(620,11,'IG-100 MagnaGuard','MagnaGuard',500000,0,NULL,NULL,NULL,NULL,NULL,NULL,NULL,NULL,NULL,NULL,NULL,NULL,NULL,0,'Without electrostaff'),(621,11,'Sun Guard',NULL,1500000,0,NULL,NULL,NULL,NULL,NULL,NULL,NULL,NULL,NULL,NULL,NULL,NULL,NULL,0,NULL),(622,11,'Ailon Nova Guard',NULL,2500000,0,NULL,NULL,NULL,NULL,NULL,NULL,NULL,NULL,NULL,NULL,NULL,NULL,NULL,0,NULL),(623,11,'Slicer',NULL,3500000,0,NULL,NULL,NULL,NULL,NULL,NULL,NULL,NULL,NULL,NULL,NULL,NULL,NULL,0,NULL),(624,11,'Defiler',NULL,4000000,0,NULL,NULL,NULL,NULL,NULL,NULL,NULL,NULL,NULL,NULL,NULL,NULL,NULL,0,NULL),(625,11,'Mistryl Shadow Guard',NULL,7500000,0,NULL,NULL,NULL,NULL,NULL,NULL,NULL,NULL,NULL,NULL,NULL,NULL,NULL,0,NULL),(626,11,'Force Sensitive',NULL,15000000,0,NULL,NULL,NULL,NULL,NULL,NULL,NULL,NULL,NULL,NULL,NULL,NULL,NULL,0,NULL),(628,11,'Mandalorian Trooper',NULL,5000,0,NULL,NULL,NULL,NULL,NULL,NULL,NULL,NULL,NULL,NULL,NULL,NULL,NULL,0,NULL),(629,11,'Mandalorian Combateer',NULL,10000,1,NULL,NULL,NULL,NULL,NULL,NULL,NULL,NULL,NULL,NULL,NULL,NULL,NULL,0,NULL),(630,11,'Mandalorian Shock Trooper',NULL,10000,1,NULL,NULL,NULL,NULL,NULL,NULL,NULL,NULL,NULL,NULL,NULL,NULL,NULL,0,NULL),(631,11,'Mandalorian Veteran',NULL,15000,2,NULL,NULL,NULL,NULL,NULL,NULL,NULL,NULL,NULL,NULL,NULL,NULL,NULL,0,NULL),(632,11,'Mandalorian Scout',NULL,15000,0,NULL,NULL,NULL,NULL,NULL,NULL,NULL,NULL,NULL,NULL,NULL,NULL,NULL,0,NULL),(633,11,'Mandalorian Demolitionist',NULL,15000,0,NULL,NULL,NULL,NULL,NULL,NULL,NULL,NULL,NULL,NULL,NULL,NULL,NULL,0,NULL),(634,11,'Mandalorian Air Trooper',NULL,15000,0,NULL,NULL,NULL,NULL,NULL,NULL,NULL,NULL,NULL,NULL,NULL,NULL,NULL,0,NULL),(635,11,'Mandalorian Sniper',NULL,20000,0,NULL,NULL,NULL,NULL,NULL,NULL,NULL,NULL,NULL,NULL,NULL,NULL,NULL,0,NULL),(636,11,'Mandalorian Beast Rider',NULL,25000,0,NULL,NULL,NULL,NULL,NULL,NULL,NULL,NULL,NULL,NULL,NULL,NULL,NULL,0,NULL),(637,11,'Mandalorian Dragoon',NULL,50000,1,NULL,NULL,NULL,NULL,NULL,NULL,NULL,NULL,NULL,NULL,NULL,NULL,NULL,0,NULL),(638,11,'Mandalorian Rallymaster',NULL,75000,0,NULL,NULL,NULL,NULL,NULL,NULL,NULL,NULL,NULL,NULL,NULL,NULL,NULL,0,NULL),(640,11,'Mandalorian Battlemaster',NULL,120000,0,NULL,NULL,NULL,NULL,NULL,NULL,NULL,NULL,NULL,NULL,NULL,NULL,NULL,0,NULL),(641,11,'Mandalorian Protector',NULL,750000,0,NULL,NULL,NULL,NULL,NULL,NULL,NULL,NULL,NULL,NULL,NULL,NULL,NULL,0,NULL),(642,11,'Mandalorian Royal Guard',NULL,1250000,0,NULL,NULL,NULL,NULL,NULL,NULL,NULL,NULL,NULL,NULL,NULL,NULL,NULL,0,NULL),(643,11,'Mandalorian Commando',NULL,2000000,0,NULL,NULL,NULL,NULL,NULL,NULL,NULL,NULL,NULL,NULL,NULL,NULL,NULL,0,NULL),(644,11,'Mandalorian Elite',NULL,2000000,0,NULL,NULL,NULL,NULL,NULL,NULL,NULL,NULL,NULL,NULL,NULL,NULL,NULL,0,NULL),(645,11,'Mandalorian Knight',NULL,15000000,0,NULL,NULL,NULL,NULL,NULL,NULL,NULL,NULL,NULL,NULL,NULL,NULL,NULL,0,NULL),(646,11,'New Republic Trooper',NULL,2000,1,NULL,NULL,NULL,NULL,NULL,NULL,NULL,NULL,NULL,NULL,NULL,NULL,NULL,0,NULL),(647,11,'New Republic Shock Trooper',NULL,5000,1,NULL,NULL,NULL,NULL,NULL,NULL,NULL,NULL,NULL,NULL,NULL,NULL,NULL,0,NULL),(648,11,'Scout Soldier',NULL,7500,0,NULL,NULL,NULL,NULL,NULL,NULL,NULL,NULL,NULL,NULL,NULL,NULL,NULL,0,NULL),(649,11,'New Republic Assault Trooper',NULL,10000,2,NULL,NULL,NULL,NULL,NULL,NULL,NULL,NULL,NULL,NULL,NULL,NULL,NULL,0,NULL),(650,11,'New Republic Jumptrooper',NULL,12500,0,NULL,NULL,NULL,NULL,NULL,NULL,NULL,NULL,NULL,NULL,NULL,NULL,NULL,0,NULL),(651,11,'New Republic Marksman',NULL,15000,0,NULL,NULL,NULL,NULL,NULL,NULL,NULL,NULL,NULL,NULL,NULL,NULL,NULL,0,NULL),(652,11,'New Republic Vanguard',NULL,20000,0,NULL,NULL,NULL,NULL,NULL,NULL,NULL,NULL,NULL,NULL,NULL,NULL,NULL,0,NULL),(653,11,'New Republic Marine',NULL,25000,0,NULL,NULL,NULL,NULL,NULL,NULL,NULL,NULL,NULL,NULL,NULL,NULL,NULL,0,NULL),(654,11,'NR Sea Commando',NULL,25000,0,NULL,NULL,NULL,NULL,NULL,NULL,NULL,NULL,NULL,NULL,NULL,NULL,NULL,0,NULL),(655,11,'Arctic Jetpack Trooper',NULL,25000,0,NULL,NULL,NULL,NULL,NULL,NULL,NULL,NULL,NULL,NULL,NULL,NULL,NULL,0,NULL),(656,11,'New Republic Officer',NULL,50000,0,NULL,NULL,NULL,NULL,NULL,NULL,NULL,NULL,NULL,NULL,NULL,NULL,NULL,0,NULL),(657,11,'New Republic Honor Guard',NULL,50000,1,NULL,NULL,NULL,NULL,NULL,NULL,NULL,NULL,NULL,NULL,NULL,NULL,NULL,0,NULL),(658,11,'New Republic Pathfinder',NULL,100000,0,NULL,NULL,NULL,NULL,NULL,NULL,NULL,NULL,NULL,NULL,NULL,NULL,NULL,0,NULL),(659,11,'Wookie Warrior',NULL,250000,0,NULL,NULL,NULL,NULL,NULL,NULL,NULL,NULL,NULL,NULL,NULL,NULL,NULL,0,NULL),(660,11,'New republic Spec Force Infiltrator',NULL,500000,0,NULL,NULL,NULL,NULL,NULL,NULL,NULL,NULL,NULL,NULL,NULL,NULL,NULL,0,NULL),(661,11,'New Republic Boarding Commando',NULL,750000,0,NULL,NULL,NULL,NULL,NULL,NULL,NULL,NULL,NULL,NULL,NULL,NULL,NULL,0,NULL),(662,11,'SpecForce Marine',NULL,750000,0,NULL,NULL,NULL,NULL,NULL,NULL,NULL,NULL,NULL,NULL,NULL,NULL,NULL,0,NULL),(663,11,'New Republic Elite Commando',NULL,900000,0,NULL,NULL,NULL,NULL,NULL,NULL,NULL,NULL,NULL,NULL,NULL,NULL,NULL,0,NULL),(664,11,'Weapons Master',NULL,2000000,0,NULL,NULL,NULL,NULL,NULL,NULL,NULL,NULL,NULL,NULL,NULL,NULL,NULL,0,NULL),(665,11,'Bothan Spy',NULL,5000000,0,NULL,NULL,NULL,NULL,NULL,NULL,NULL,NULL,NULL,NULL,NULL,NULL,NULL,0,NULL),(666,11,'New Republic Jedi',NULL,15000000,0,NULL,NULL,NULL,NULL,NULL,NULL,NULL,NULL,NULL,NULL,NULL,NULL,NULL,0,NULL),(667,11,'Mercenary Grenadiers',NULL,5000,0,NULL,NULL,NULL,NULL,NULL,NULL,NULL,NULL,NULL,NULL,NULL,NULL,NULL,0,NULL),(668,11,'Environmental Mercenary',NULL,7500,1,NULL,NULL,NULL,NULL,NULL,NULL,NULL,NULL,NULL,NULL,NULL,NULL,NULL,0,NULL),(669,11,'Jump Pack Mercenary',NULL,12500,0,NULL,NULL,NULL,NULL,NULL,NULL,NULL,NULL,NULL,NULL,NULL,NULL,NULL,0,NULL),(670,11,'Rocket Mercenary',NULL,20000,0,NULL,NULL,NULL,NULL,NULL,NULL,NULL,NULL,NULL,NULL,NULL,NULL,NULL,0,NULL),(671,11,'Anooba',NULL,20000,0,NULL,NULL,NULL,NULL,NULL,NULL,NULL,NULL,NULL,NULL,NULL,NULL,NULL,0,NULL),(672,11,'Smuggler Captain',NULL,50000,0,NULL,NULL,NULL,NULL,NULL,NULL,NULL,NULL,NULL,NULL,NULL,NULL,NULL,0,NULL),(674,11,'BX-Series Droid Commando','BX',250000,0,NULL,NULL,NULL,NULL,NULL,NULL,NULL,NULL,NULL,NULL,NULL,NULL,NULL,0,NULL),(675,11,'BX Sharpshooters',NULL,250000,0,NULL,NULL,NULL,NULL,NULL,NULL,NULL,NULL,NULL,NULL,NULL,NULL,NULL,0,NULL),(676,11,'Wookiee Marksman',NULL,500000,0,NULL,NULL,NULL,NULL,NULL,NULL,NULL,NULL,NULL,NULL,NULL,NULL,NULL,0,NULL),(677,11,'Grapple Droideka',NULL,750000,0,NULL,NULL,NULL,NULL,NULL,NULL,NULL,NULL,NULL,NULL,NULL,NULL,NULL,0,NULL),(678,11,'C-8 Saboteur',NULL,2000000,0,NULL,NULL,NULL,NULL,NULL,NULL,NULL,NULL,NULL,NULL,NULL,NULL,NULL,0,NULL),(679,11,'Information Broker',NULL,4000000,0,NULL,NULL,NULL,NULL,NULL,NULL,NULL,NULL,NULL,NULL,NULL,NULL,NULL,0,NULL),(682,11,'Land Assault Troopers',NULL,3000,0,NULL,NULL,NULL,NULL,NULL,NULL,NULL,NULL,NULL,NULL,NULL,NULL,NULL,0,NULL),(684,11,'Mud Trooper',NULL,4000,1,NULL,NULL,NULL,NULL,NULL,NULL,NULL,NULL,NULL,NULL,NULL,NULL,NULL,0,NULL),(686,11,'Wet Weather Gear Storm Trooper',NULL,6000,1,NULL,NULL,NULL,NULL,NULL,NULL,NULL,NULL,NULL,NULL,NULL,NULL,NULL,0,NULL),(687,11,'Scout Trooper',NULL,7250,0,NULL,NULL,NULL,NULL,NULL,NULL,NULL,NULL,NULL,NULL,NULL,NULL,NULL,0,NULL),(688,11,'Tank Trooper',NULL,7250,0,NULL,NULL,NULL,NULL,NULL,NULL,NULL,NULL,NULL,NULL,NULL,NULL,NULL,0,NULL),(689,11,'Space Trooper (Canon)',NULL,7500,0,NULL,NULL,NULL,NULL,NULL,NULL,NULL,NULL,NULL,NULL,NULL,NULL,NULL,0,NULL),(690,11,'Field Trooper',NULL,10000,2,NULL,NULL,NULL,NULL,NULL,NULL,NULL,NULL,NULL,NULL,NULL,NULL,NULL,0,NULL),(691,11,'Mortar Storm Trooper',NULL,25000,0,NULL,NULL,NULL,NULL,NULL,NULL,NULL,NULL,NULL,NULL,NULL,NULL,NULL,0,NULL),(692,11,'Storm Surgeon',NULL,25000,0,NULL,NULL,NULL,NULL,NULL,NULL,NULL,NULL,NULL,NULL,NULL,NULL,NULL,0,NULL),(693,11,'Imperial Shock Troopers',NULL,25000,1,NULL,NULL,NULL,NULL,NULL,NULL,NULL,NULL,NULL,NULL,NULL,NULL,NULL,0,NULL),(694,11,'Chiss Soldiers',NULL,25000,0,NULL,NULL,NULL,NULL,NULL,NULL,NULL,NULL,NULL,NULL,NULL,NULL,NULL,0,'with charric carbine'),(695,11,'Aquatic Assault Stormtooper',NULL,30000,0,NULL,NULL,NULL,NULL,NULL,NULL,NULL,NULL,NULL,NULL,NULL,NULL,NULL,0,NULL),(696,11,'Incinerator Trooper',NULL,50000,0,NULL,NULL,NULL,NULL,NULL,NULL,NULL,NULL,NULL,NULL,NULL,NULL,NULL,0,NULL),(697,11,'Imperial Officer',NULL,50000,0,NULL,NULL,NULL,NULL,NULL,NULL,NULL,NULL,NULL,NULL,NULL,NULL,NULL,0,NULL),(698,11,'DT-series sentry droids',NULL,50000,0,NULL,NULL,NULL,NULL,NULL,NULL,NULL,NULL,NULL,NULL,NULL,NULL,NULL,0,NULL),(699,11,'Chiss Sniper',NULL,50000,0,NULL,NULL,NULL,NULL,NULL,NULL,NULL,NULL,NULL,NULL,NULL,NULL,NULL,0,NULL),(700,11,'Chiss Officer',NULL,75000,0,NULL,NULL,NULL,NULL,NULL,NULL,NULL,NULL,NULL,NULL,NULL,NULL,NULL,0,NULL),(701,11,'Storm Trooper Commander',NULL,100000,0,NULL,NULL,NULL,NULL,NULL,NULL,NULL,NULL,NULL,NULL,NULL,NULL,NULL,0,NULL),(702,11,'Death Trooper',NULL,250000,0,NULL,NULL,NULL,NULL,NULL,NULL,NULL,NULL,NULL,NULL,NULL,NULL,NULL,0,NULL),(703,11,'Imperial Army Special Missions Trooper',NULL,750000,0,NULL,NULL,NULL,NULL,NULL,NULL,NULL,NULL,NULL,NULL,NULL,NULL,NULL,0,NULL),(704,11,'Space Troopers',NULL,1500000,0,NULL,NULL,NULL,NULL,NULL,NULL,NULL,NULL,NULL,NULL,NULL,NULL,NULL,0,NULL),(705,11,'Chiss Commando',NULL,2000000,0,NULL,NULL,NULL,NULL,NULL,NULL,NULL,NULL,NULL,NULL,NULL,NULL,NULL,0,NULL),(706,11,'Hand Intelligence Agent',NULL,4000000,0,NULL,NULL,NULL,NULL,NULL,NULL,NULL,NULL,NULL,NULL,NULL,NULL,NULL,0,NULL),(707,11,'Noghri Death Commando',NULL,5000000,0,NULL,NULL,NULL,NULL,NULL,NULL,NULL,NULL,NULL,NULL,NULL,NULL,NULL,0,NULL),(708,11,'Imperial Army Trooper','IAT',2000,1,NULL,NULL,NULL,NULL,NULL,NULL,NULL,NULL,NULL,NULL,NULL,NULL,NULL,0,NULL),(709,11,'CompForce Veteran Assault Troopers',NULL,4500,0,NULL,NULL,NULL,NULL,NULL,NULL,NULL,NULL,NULL,NULL,NULL,NULL,NULL,0,NULL),(710,11,'Patrol Stormtrooper',NULL,4000,0,NULL,NULL,NULL,NULL,NULL,NULL,NULL,NULL,NULL,NULL,NULL,NULL,NULL,0,NULL),(711,11,'Stormtrooper',NULL,5000,1,NULL,NULL,NULL,NULL,NULL,NULL,NULL,NULL,NULL,NULL,NULL,NULL,NULL,0,NULL),(713,11,'Sandtrooper',NULL,7500,1,NULL,NULL,NULL,NULL,NULL,NULL,NULL,NULL,NULL,NULL,NULL,NULL,NULL,0,NULL),(714,11,'Jump Trooper (Canon)',NULL,15000,0,NULL,NULL,NULL,NULL,NULL,NULL,NULL,NULL,NULL,NULL,NULL,NULL,NULL,0,NULL),(715,11,'Cold Assault Stormtrooper',NULL,15000,1,NULL,NULL,NULL,NULL,NULL,NULL,NULL,NULL,NULL,NULL,NULL,NULL,NULL,0,NULL),(716,11,'Rocket Stormtrooper',NULL,30000,0,NULL,NULL,NULL,NULL,NULL,NULL,NULL,NULL,NULL,NULL,NULL,NULL,NULL,0,NULL),(717,11,'Arctic Jumptrooper',NULL,30000,0,NULL,NULL,NULL,NULL,NULL,NULL,NULL,NULL,NULL,NULL,NULL,NULL,NULL,0,NULL),(718,11,'Assault Trooper',NULL,50000,0,NULL,NULL,NULL,NULL,NULL,NULL,NULL,NULL,NULL,NULL,NULL,NULL,NULL,0,NULL),(719,11,'ISB Agent',NULL,50000,0,NULL,NULL,NULL,NULL,NULL,NULL,NULL,NULL,NULL,NULL,NULL,NULL,NULL,0,NULL),(720,11,'Purge Trooper (Canon)',NULL,50000,1,NULL,NULL,NULL,NULL,NULL,NULL,NULL,NULL,NULL,NULL,NULL,NULL,NULL,0,NULL),(721,11,'Purge Trooper Commander (Canon)',NULL,75000,0,NULL,NULL,NULL,NULL,NULL,NULL,NULL,NULL,NULL,NULL,NULL,NULL,NULL,0,NULL),(722,11,'Imperial Bodyguard',NULL,100000,0,NULL,NULL,NULL,NULL,NULL,NULL,NULL,NULL,NULL,NULL,NULL,NULL,NULL,0,NULL),(723,11,'Scout Trooper Commander',NULL,100000,0,NULL,NULL,NULL,NULL,NULL,NULL,NULL,NULL,NULL,NULL,NULL,NULL,NULL,0,NULL),(724,11,'Imperial Senate Sentinel',NULL,750000,0,NULL,NULL,NULL,NULL,NULL,NULL,NULL,NULL,NULL,NULL,NULL,NULL,NULL,0,NULL),(725,11,'Storm Commando Trooper',NULL,1000000,0,NULL,NULL,NULL,NULL,NULL,NULL,NULL,NULL,NULL,NULL,NULL,NULL,NULL,0,NULL),(726,11,'Imperial Intelligence Agent',NULL,4000000,0,NULL,NULL,NULL,NULL,NULL,NULL,NULL,NULL,NULL,NULL,NULL,NULL,NULL,0,NULL),(727,11,'Dark Side Adept',NULL,15000000,0,NULL,NULL,NULL,NULL,NULL,NULL,NULL,NULL,NULL,NULL,NULL,NULL,NULL,0,NULL),(728,11,'Imperial Navy Trooper','INT',2000,1,NULL,NULL,NULL,NULL,NULL,NULL,NULL,NULL,NULL,NULL,NULL,NULL,NULL,0,NULL),(729,11,'Stormtrooper Grenadier',NULL,7500,1,NULL,NULL,NULL,NULL,NULL,NULL,NULL,NULL,NULL,NULL,NULL,NULL,NULL,0,NULL),(731,11,'Bomb Squad Stormtrooper',NULL,20000,0,NULL,NULL,NULL,NULL,NULL,NULL,NULL,NULL,NULL,NULL,NULL,NULL,NULL,0,NULL),(732,11,'Flametrooper',NULL,25000,0,NULL,NULL,NULL,NULL,NULL,NULL,NULL,NULL,NULL,NULL,NULL,NULL,NULL,0,NULL),(733,11,'Imperial Navy Commando','Navy Commando',50000,0,NULL,NULL,NULL,NULL,NULL,NULL,NULL,NULL,NULL,NULL,NULL,NULL,NULL,0,NULL),(735,11,'Stormsniper',NULL,50000,0,NULL,NULL,NULL,NULL,NULL,NULL,NULL,NULL,NULL,NULL,NULL,NULL,NULL,0,NULL),(736,11,'Cavetrooper',NULL,75000,0,NULL,NULL,NULL,NULL,NULL,NULL,NULL,NULL,NULL,NULL,NULL,NULL,NULL,0,NULL),(737,11,'Blaze Trooper',NULL,250000,0,NULL,NULL,NULL,NULL,NULL,NULL,NULL,NULL,NULL,NULL,NULL,NULL,NULL,0,NULL),(738,11,'Imperial Commandos',NULL,100000,1,NULL,NULL,NULL,NULL,NULL,NULL,NULL,NULL,NULL,NULL,NULL,NULL,NULL,0,NULL),(739,11,'Royal Guard',NULL,1000000,0,NULL,NULL,NULL,NULL,NULL,NULL,NULL,NULL,NULL,NULL,NULL,NULL,NULL,0,NULL),(740,11,'Terror Trooper',NULL,5000000,0,NULL,NULL,NULL,NULL,NULL,NULL,NULL,NULL,NULL,NULL,NULL,NULL,NULL,0,NULL),(741,11,'Shadow Guard',NULL,15000000,0,NULL,NULL,NULL,NULL,NULL,NULL,NULL,NULL,NULL,NULL,NULL,NULL,NULL,0,NULL),(743,11,'Shoretrooper',NULL,7500,1,NULL,NULL,NULL,NULL,NULL,NULL,NULL,NULL,NULL,NULL,NULL,NULL,NULL,0,NULL),(744,11,'Range Trooper',NULL,15000,0,NULL,NULL,NULL,NULL,NULL,NULL,NULL,NULL,NULL,NULL,NULL,NULL,NULL,0,NULL),(745,11,'Imperial Jumptrooper',NULL,15000,0,NULL,NULL,NULL,NULL,NULL,NULL,NULL,NULL,NULL,NULL,NULL,NULL,NULL,0,NULL),(746,11,'Imperial Marine',NULL,30000,0,NULL,NULL,NULL,NULL,NULL,NULL,NULL,NULL,NULL,NULL,NULL,NULL,NULL,0,NULL),(747,11,'Imperial Shock Troopers (Canon)',NULL,50000,1,NULL,NULL,NULL,NULL,NULL,NULL,NULL,NULL,NULL,NULL,NULL,NULL,NULL,0,NULL),(748,11,'Hazard Stormtrooper',NULL,750000,0,NULL,NULL,NULL,NULL,NULL,NULL,NULL,NULL,NULL,NULL,NULL,NULL,NULL,0,NULL),(749,11,'Imperial Special Forces Trooper',NULL,1000000,0,NULL,NULL,NULL,NULL,NULL,NULL,NULL,NULL,NULL,NULL,NULL,NULL,NULL,0,NULL),(750,11,'Shadow EVO trooper',NULL,1000000,0,NULL,NULL,NULL,NULL,NULL,NULL,NULL,NULL,NULL,NULL,NULL,NULL,NULL,0,NULL),(751,11,'Electrostaff Purge Troopers',NULL,1000000,0,NULL,NULL,NULL,NULL,NULL,NULL,NULL,NULL,NULL,NULL,NULL,NULL,NULL,0,NULL),(752,11,'B2 Super Battle Droid',NULL,7500,0,NULL,NULL,NULL,NULL,NULL,NULL,NULL,NULL,NULL,NULL,NULL,NULL,NULL,0,NULL),(753,11,'EVO trooper',NULL,10000,0,NULL,NULL,NULL,NULL,NULL,NULL,NULL,NULL,NULL,NULL,NULL,NULL,NULL,0,NULL),(754,11,'B2-RP Battle Droid',NULL,20000,0,NULL,NULL,NULL,NULL,NULL,NULL,NULL,NULL,NULL,NULL,NULL,NULL,NULL,0,NULL),(755,11,'Forest Jumptrooper',NULL,25000,0,NULL,NULL,NULL,NULL,NULL,NULL,NULL,NULL,NULL,NULL,NULL,NULL,NULL,0,NULL),(756,11,'Aqua Droid',NULL,30000,0,NULL,NULL,NULL,NULL,NULL,NULL,NULL,NULL,NULL,NULL,NULL,NULL,NULL,0,NULL),(757,11,'Galactic Marines',NULL,50000,1,NULL,NULL,NULL,NULL,NULL,NULL,NULL,NULL,NULL,NULL,NULL,NULL,NULL,0,NULL),(758,11,'T-Series Tactical Droid',NULL,50000,0,NULL,NULL,NULL,NULL,NULL,NULL,NULL,NULL,NULL,NULL,NULL,NULL,NULL,0,NULL),(759,11,'Magma Stormtooper',NULL,50000,0,NULL,NULL,NULL,NULL,NULL,NULL,NULL,NULL,NULL,NULL,NULL,NULL,NULL,0,NULL),(762,11,'V2 Commando Droid',NULL,750000,0,NULL,NULL,NULL,NULL,NULL,NULL,NULL,NULL,NULL,NULL,NULL,NULL,NULL,0,NULL),(763,11,'Electrostaff Magnaguard',NULL,2000000,0,NULL,NULL,NULL,NULL,NULL,NULL,NULL,NULL,NULL,NULL,NULL,NULL,NULL,0,NULL),(764,11,'Clone Commando',NULL,5000000,0,NULL,NULL,NULL,NULL,NULL,NULL,NULL,NULL,NULL,NULL,NULL,NULL,NULL,0,NULL),(765,11,'Espo Security Police',NULL,2000,0,NULL,NULL,NULL,NULL,NULL,NULL,NULL,NULL,NULL,NULL,NULL,NULL,NULL,0,NULL),(766,11,'Wet Weather Gear Stormtrooper',NULL,6000,1,NULL,NULL,NULL,NULL,NULL,NULL,NULL,NULL,NULL,NULL,NULL,NULL,NULL,0,NULL),(767,11,'Raptor',NULL,10000,2,NULL,NULL,NULL,NULL,NULL,NULL,NULL,NULL,NULL,NULL,NULL,NULL,NULL,0,NULL),(768,11,'Riot Control Stormtrooper',NULL,10000,0,NULL,NULL,NULL,NULL,NULL,NULL,NULL,NULL,NULL,NULL,NULL,NULL,NULL,0,NULL),(769,11,'Dewback Trooper',NULL,25000,0,NULL,NULL,NULL,NULL,NULL,NULL,NULL,NULL,NULL,NULL,NULL,NULL,NULL,0,NULL),(771,11,'Novatrooper',NULL,50000,1,NULL,NULL,NULL,NULL,NULL,NULL,NULL,NULL,NULL,NULL,NULL,NULL,NULL,0,NULL),(772,11,'Raptor Commando',NULL,100000,2,NULL,NULL,NULL,NULL,NULL,NULL,NULL,NULL,NULL,NULL,NULL,NULL,NULL,0,NULL),(773,11,'Riot Storm Trooper',NULL,500000,0,NULL,NULL,NULL,NULL,NULL,NULL,NULL,NULL,NULL,NULL,NULL,NULL,NULL,0,NULL),(774,11,'SpecNav Force Trooper',NULL,2500000,0,NULL,NULL,NULL,NULL,NULL,NULL,NULL,NULL,NULL,NULL,NULL,NULL,NULL,0,NULL),(775,11,'Imperial Commando Special Unit',NULL,2500000,0,NULL,NULL,NULL,NULL,NULL,NULL,NULL,NULL,NULL,NULL,NULL,NULL,NULL,0,NULL),(776,NULL,'B-7 Light Freighter',NULL,200000,3,NULL,NULL,NULL,NULL,NULL,NULL,NULL,NULL,NULL,NULL,NULL,NULL,NULL,0,NULL),(777,NULL,'BR-23',NULL,650000,2,NULL,NULL,NULL,NULL,NULL,NULL,NULL,NULL,NULL,NULL,NULL,NULL,NULL,0,NULL),(778,NULL,'AEG-77 Vigo',NULL,1000000,2,NULL,NULL,NULL,NULL,NULL,NULL,NULL,NULL,NULL,NULL,NULL,NULL,NULL,0,NULL),(779,NULL,'YQ-400 Monitor droid patrol ship',NULL,1250000,0,NULL,NULL,NULL,NULL,NULL,NULL,NULL,NULL,NULL,NULL,NULL,NULL,NULL,0,NULL),(780,NULL,'TZ-15 shuttle',NULL,800000,1,NULL,NULL,NULL,NULL,NULL,NULL,NULL,NULL,NULL,NULL,NULL,NULL,NULL,0,NULL),(781,NULL,'RZ-52 Dekard transport',NULL,900000,1,NULL,NULL,NULL,NULL,NULL,NULL,NULL,NULL,NULL,NULL,NULL,NULL,NULL,0,NULL),(782,NULL,'VCX-100 Light Freighter','VCX-100',1000000,5,NULL,NULL,NULL,NULL,NULL,NULL,NULL,NULL,NULL,NULL,NULL,NULL,NULL,0,NULL),(783,NULL,'VCX-350',NULL,1000000,5,NULL,NULL,NULL,NULL,NULL,NULL,NULL,NULL,NULL,NULL,NULL,NULL,NULL,0,NULL),(784,NULL,'CR20 Troop Carrier',NULL,1000000,2,NULL,NULL,NULL,NULL,NULL,NULL,NULL,NULL,NULL,NULL,NULL,NULL,NULL,0,NULL),(785,NULL,'PB-950 Patrol Boat',NULL,1500000,2,NULL,NULL,NULL,NULL,NULL,NULL,NULL,NULL,NULL,NULL,NULL,NULL,NULL,0,NULL),(786,NULL,'TZ-86 transport',NULL,1500000,2,NULL,NULL,NULL,NULL,NULL,NULL,NULL,NULL,NULL,NULL,NULL,NULL,NULL,0,NULL),(787,NULL,'Gozanti class cruiser (Legends)',NULL,2000000,4,NULL,NULL,NULL,NULL,NULL,NULL,NULL,NULL,NULL,NULL,NULL,NULL,NULL,0,NULL),(788,NULL,'C-ROC Gozanti-Class Light Cruiser','C-ROC',2000000,4,NULL,NULL,NULL,NULL,NULL,NULL,NULL,NULL,NULL,NULL,NULL,NULL,NULL,0,NULL),(789,NULL,'SCT Scout Craft',NULL,2500000,1,NULL,NULL,NULL,NULL,NULL,NULL,NULL,NULL,NULL,NULL,NULL,NULL,NULL,0,NULL),(790,NULL,'Sarisa-class gunship',NULL,2500000,2,NULL,NULL,NULL,NULL,NULL,NULL,NULL,NULL,NULL,NULL,NULL,NULL,NULL,0,NULL),(791,NULL,'Aka&#039;kor-class Shuttle [Armed]',NULL,400000,3,NULL,NULL,NULL,NULL,NULL,NULL,NULL,NULL,NULL,NULL,NULL,NULL,NULL,0,NULL),(792,NULL,'Kom&#039;rk-class',NULL,500000,3,NULL,NULL,NULL,NULL,NULL,NULL,NULL,NULL,NULL,NULL,NULL,NULL,NULL,0,NULL),(793,NULL,'Teroch-type Gunship',NULL,600000,0,NULL,NULL,NULL,NULL,NULL,NULL,NULL,NULL,NULL,NULL,NULL,NULL,NULL,0,NULL),(794,NULL,'Lancer-class Pursuit Craft',NULL,750000,3,NULL,NULL,NULL,NULL,NULL,NULL,NULL,NULL,NULL,NULL,NULL,NULL,NULL,0,NULL),(795,NULL,'Pursuer-class Enforcement Ship',NULL,800000,3,NULL,NULL,NULL,NULL,NULL,NULL,NULL,NULL,NULL,NULL,NULL,NULL,NULL,0,NULL),(796,NULL,'Meteor-class Q Carrier',NULL,800000,1,NULL,NULL,NULL,NULL,NULL,NULL,NULL,NULL,NULL,NULL,NULL,NULL,NULL,0,NULL),(797,NULL,'AIAT/i',NULL,900000,2,NULL,NULL,NULL,NULL,NULL,NULL,NULL,NULL,NULL,NULL,NULL,NULL,NULL,0,NULL),(798,NULL,'Aggressor Assault Fighter',NULL,900000,4,NULL,NULL,NULL,NULL,NULL,NULL,NULL,NULL,NULL,NULL,NULL,NULL,NULL,0,NULL),(799,NULL,'Firespray-class',NULL,1000000,3,NULL,NULL,NULL,NULL,NULL,NULL,NULL,NULL,NULL,NULL,NULL,NULL,NULL,0,NULL),(800,NULL,'Stathas-class freighter',NULL,1000000,4,NULL,NULL,NULL,NULL,NULL,NULL,NULL,NULL,NULL,NULL,NULL,NULL,NULL,0,NULL),(801,NULL,'Interstellar Tug',NULL,1000000,0,NULL,NULL,NULL,NULL,NULL,NULL,NULL,NULL,NULL,NULL,NULL,NULL,NULL,0,NULL),(802,NULL,'YM-2800 Limpet',NULL,250000,1,NULL,NULL,NULL,NULL,NULL,NULL,NULL,NULL,NULL,NULL,NULL,NULL,NULL,0,NULL),(803,NULL,'U-wing transport',NULL,400000,3,NULL,NULL,NULL,NULL,NULL,NULL,NULL,NULL,NULL,NULL,NULL,NULL,NULL,0,NULL),(804,NULL,'Mu-2 long range shuttle',NULL,500000,4,NULL,NULL,NULL,NULL,NULL,NULL,NULL,NULL,NULL,NULL,NULL,NULL,NULL,0,NULL),(805,NULL,'Low Altitude Assault Transport','LAAT',750000,2,NULL,NULL,NULL,NULL,NULL,NULL,NULL,NULL,NULL,NULL,NULL,NULL,NULL,0,NULL),(806,NULL,'Aegis-class Shuttle',NULL,800000,1,NULL,NULL,NULL,NULL,NULL,NULL,NULL,NULL,NULL,NULL,NULL,NULL,NULL,0,NULL),(807,NULL,'Rendaran-class assault shuttle',NULL,1000000,3,NULL,NULL,NULL,NULL,NULL,NULL,NULL,NULL,NULL,NULL,NULL,NULL,NULL,0,NULL),(808,NULL,'DeepWater-Class Light Freighter',NULL,1200000,3,NULL,NULL,NULL,NULL,NULL,NULL,NULL,NULL,NULL,NULL,NULL,NULL,NULL,0,NULL),(809,NULL,'GX1 short hauler',NULL,1250000,5,NULL,NULL,NULL,NULL,NULL,NULL,NULL,NULL,NULL,NULL,NULL,NULL,NULL,0,NULL),(810,NULL,'Mynock-class assault boat',NULL,1500000,2,NULL,NULL,NULL,NULL,NULL,NULL,NULL,NULL,NULL,NULL,NULL,NULL,NULL,0,NULL),(811,NULL,'X4 Gunship',NULL,2000000,2,NULL,NULL,NULL,NULL,NULL,NULL,NULL,NULL,NULL,NULL,NULL,NULL,NULL,0,NULL),(812,NULL,'V-wing Speeder Transport, Model A',NULL,2000000,0,NULL,NULL,NULL,NULL,NULL,NULL,NULL,NULL,NULL,NULL,NULL,NULL,NULL,0,NULL),(813,NULL,'YT-2400 light freighter',NULL,2000000,3,NULL,NULL,NULL,NULL,NULL,NULL,NULL,NULL,NULL,NULL,NULL,NULL,NULL,0,NULL),(814,NULL,'Dynamic-class freighter',NULL,1000000,4,NULL,NULL,NULL,NULL,NULL,NULL,NULL,NULL,NULL,NULL,NULL,NULL,NULL,0,NULL),(815,NULL,'YT 1300 light freighter',NULL,1000000,6,NULL,NULL,NULL,NULL,NULL,NULL,NULL,NULL,NULL,NULL,NULL,NULL,NULL,0,NULL),(817,NULL,'HWK-1000 light freighter',NULL,1000000,5,NULL,NULL,NULL,NULL,NULL,NULL,NULL,NULL,NULL,NULL,NULL,NULL,NULL,0,NULL),(818,NULL,'Maka-Eekai L4000 transport',NULL,1200000,4,NULL,NULL,NULL,NULL,NULL,NULL,NULL,NULL,NULL,NULL,NULL,NULL,NULL,0,NULL),(819,NULL,'Yu-410 Light Freighter',NULL,1200000,3,NULL,NULL,NULL,NULL,NULL,NULL,NULL,NULL,NULL,NULL,NULL,NULL,NULL,0,NULL),(820,NULL,'YT-1930 transport',NULL,1250000,6,NULL,NULL,NULL,NULL,NULL,NULL,NULL,NULL,NULL,NULL,NULL,NULL,NULL,0,NULL),(821,NULL,'YT-2000 Light Freighter',NULL,1250000,7,NULL,NULL,NULL,NULL,NULL,NULL,NULL,NULL,NULL,NULL,NULL,NULL,NULL,0,NULL),(822,NULL,'G9 Rigger-class light freighter',NULL,1250000,2,NULL,NULL,NULL,NULL,NULL,NULL,NULL,NULL,NULL,NULL,NULL,NULL,NULL,0,NULL),(823,NULL,'YV-929 armed freighter',NULL,2000000,1,NULL,NULL,NULL,NULL,NULL,NULL,NULL,NULL,NULL,NULL,NULL,NULL,NULL,0,NULL),(824,NULL,'ILH-KK Citadel Cruiser',NULL,2000000,0,NULL,NULL,NULL,NULL,NULL,NULL,NULL,NULL,NULL,NULL,NULL,NULL,NULL,0,NULL),(826,NULL,'Wayfarer-class Medium Transport',NULL,3000000,2,NULL,NULL,NULL,NULL,NULL,NULL,NULL,NULL,NULL,NULL,NULL,NULL,NULL,0,NULL),(827,3,'TIE/rp Reaper Attack Lander','TIE/rp',600000,2,NULL,NULL,NULL,NULL,NULL,NULL,NULL,NULL,NULL,NULL,NULL,NULL,NULL,0,NULL),(829,NULL,'Lambda class shuttle',NULL,750000,4,NULL,NULL,NULL,NULL,NULL,NULL,NULL,NULL,NULL,NULL,NULL,NULL,NULL,0,NULL),(830,NULL,'F7 &quot;Landing Brick&quot; Drop-Ship',NULL,750000,2,NULL,NULL,NULL,NULL,NULL,NULL,NULL,NULL,NULL,NULL,NULL,NULL,NULL,0,NULL),(831,NULL,'Svelte-class Imperial shuttle',NULL,900000,2,NULL,NULL,NULL,NULL,NULL,NULL,NULL,NULL,NULL,NULL,NULL,NULL,NULL,0,NULL),(832,NULL,'Delta DX-9',NULL,1000000,2,NULL,NULL,NULL,NULL,NULL,NULL,NULL,NULL,NULL,NULL,NULL,NULL,NULL,0,NULL),(833,NULL,'Sentinel Landing Craft',NULL,1000000,2,NULL,NULL,NULL,NULL,NULL,NULL,NULL,NULL,NULL,NULL,NULL,NULL,NULL,0,NULL),(834,NULL,'Theta-class AT-AT barge',NULL,1000000,1,NULL,NULL,NULL,NULL,NULL,NULL,NULL,NULL,NULL,NULL,NULL,NULL,NULL,0,NULL),(835,NULL,'Beta Class Assault Shuttle',NULL,1250000,2,NULL,NULL,NULL,NULL,NULL,NULL,NULL,NULL,NULL,NULL,NULL,NULL,NULL,0,NULL),(836,NULL,'VT-49 Decimator',NULL,1500000,2,NULL,NULL,NULL,NULL,NULL,NULL,NULL,NULL,NULL,NULL,NULL,NULL,NULL,0,NULL),(837,NULL,'Imperial Gozanti class cruiser',NULL,2000000,4,NULL,NULL,NULL,NULL,NULL,NULL,NULL,NULL,NULL,NULL,NULL,NULL,NULL,0,NULL),(838,NULL,'Imperial Action Transport',NULL,2000000,1,NULL,NULL,NULL,NULL,NULL,NULL,NULL,NULL,NULL,NULL,NULL,NULL,NULL,0,NULL),(839,NULL,'Eta Class Supply Barge',NULL,4000000,2,NULL,NULL,NULL,NULL,NULL,NULL,NULL,NULL,NULL,NULL,NULL,NULL,NULL,0,NULL),(840,NULL,'Chiss Long Range Shuttle',NULL,4500000,0,NULL,NULL,NULL,NULL,NULL,NULL,NULL,NULL,NULL,NULL,NULL,NULL,NULL,0,NULL),(843,NULL,'CR25',NULL,4000000,5,NULL,NULL,NULL,NULL,NULL,NULL,NULL,NULL,NULL,NULL,NULL,NULL,NULL,0,NULL),(845,NULL,'Grek-class troop shuttle',NULL,700000,4,NULL,NULL,NULL,NULL,NULL,NULL,NULL,NULL,NULL,NULL,NULL,NULL,NULL,0,NULL),(846,NULL,'Delta Class JV-7 Escort Shuttle',NULL,1500000,2,NULL,NULL,NULL,NULL,NULL,NULL,NULL,NULL,NULL,NULL,NULL,NULL,NULL,0,NULL),(847,NULL,'Katarn-class boarding shuttle',NULL,1500000,2,NULL,NULL,NULL,NULL,NULL,NULL,NULL,NULL,NULL,NULL,NULL,NULL,NULL,0,NULL),(848,NULL,'IF-120',NULL,3500000,1,NULL,NULL,NULL,NULL,NULL,NULL,NULL,NULL,NULL,NULL,NULL,NULL,NULL,0,NULL),(849,NULL,'Y-45 Armoured Transport Hauler','Y-45',750000,2,NULL,NULL,NULL,NULL,NULL,NULL,NULL,NULL,NULL,NULL,NULL,NULL,NULL,0,NULL),(850,NULL,'Imperial Dropship Transport',NULL,500000,3,NULL,NULL,NULL,NULL,NULL,NULL,NULL,NULL,NULL,NULL,NULL,NULL,NULL,0,NULL),(851,NULL,'Gamma Assault Shuttle',NULL,1500000,1,NULL,NULL,NULL,NULL,NULL,NULL,NULL,NULL,NULL,NULL,NULL,NULL,NULL,0,NULL),(852,NULL,'Y-85 Titan dropship',NULL,5000000,0,NULL,NULL,NULL,NULL,NULL,NULL,NULL,NULL,NULL,NULL,NULL,NULL,NULL,0,NULL),(853,NULL,'Zeta class cargo shuttle',NULL,500000,0,NULL,NULL,NULL,NULL,NULL,NULL,NULL,NULL,NULL,NULL,NULL,NULL,NULL,0,NULL),(854,NULL,'Vanguard-class heavy assault gunship',NULL,3000000,0,NULL,NULL,NULL,NULL,NULL,NULL,NULL,NULL,NULL,NULL,NULL,NULL,NULL,0,NULL),(855,NULL,'YE-4 Gunboat',NULL,1000000,0,NULL,NULL,NULL,NULL,NULL,NULL,NULL,NULL,NULL,NULL,NULL,NULL,NULL,0,NULL),(856,NULL,'Y-4 Transport',NULL,1250000,0,NULL,NULL,NULL,NULL,NULL,NULL,NULL,NULL,NULL,NULL,NULL,NULL,NULL,0,NULL),(857,NULL,'F9-TZ transport',NULL,12500,1,NULL,NULL,NULL,NULL,NULL,NULL,NULL,NULL,NULL,NULL,NULL,NULL,NULL,0,NULL),(858,NULL,'ShadoWing-4',NULL,15000,0,NULL,NULL,NULL,NULL,NULL,NULL,NULL,NULL,NULL,NULL,NULL,NULL,NULL,0,'Regular Version'),(859,NULL,'AV-21 landspeeder',NULL,17500,2,NULL,NULL,NULL,NULL,NULL,NULL,NULL,NULL,NULL,NULL,NULL,NULL,NULL,0,NULL),(860,NULL,'Octuptarra Combat Droid',NULL,20000,0,NULL,NULL,NULL,NULL,NULL,NULL,NULL,NULL,NULL,NULL,NULL,NULL,NULL,0,NULL),(861,NULL,'BARC Speeder',NULL,20000,0,NULL,NULL,NULL,NULL,NULL,NULL,NULL,NULL,NULL,NULL,NULL,NULL,NULL,0,'Non Modular'),(862,NULL,'Platoon Attack Craft','PAC',50000,0,NULL,NULL,NULL,NULL,NULL,NULL,NULL,NULL,NULL,NULL,NULL,NULL,NULL,0,NULL),(863,NULL,'LM-432 Crab Droid',NULL,50000,0,NULL,NULL,NULL,NULL,NULL,NULL,NULL,NULL,NULL,NULL,NULL,NULL,NULL,0,NULL),(864,NULL,'A-A5 speeder truck APC conversion',NULL,75000,0,NULL,NULL,NULL,NULL,NULL,NULL,NULL,NULL,NULL,NULL,NULL,NULL,NULL,0,NULL),(865,NULL,'T-47I Airspeeder',NULL,100000,0,NULL,NULL,NULL,NULL,NULL,NULL,NULL,NULL,NULL,NULL,NULL,NULL,NULL,0,NULL),(866,NULL,'AT RT',NULL,100000,2,NULL,NULL,NULL,NULL,NULL,NULL,NULL,NULL,NULL,NULL,NULL,NULL,NULL,0,NULL),(867,NULL,'MSP80 Pteropter Hover Pod',NULL,250000,0,NULL,NULL,NULL,NULL,NULL,NULL,NULL,NULL,NULL,NULL,NULL,NULL,NULL,0,NULL),(868,NULL,'AT PT',NULL,300000,0,NULL,NULL,NULL,NULL,NULL,NULL,NULL,NULL,NULL,NULL,NULL,NULL,NULL,0,NULL),(869,NULL,'Overwatch MC-2',NULL,300000,0,NULL,NULL,NULL,NULL,NULL,NULL,NULL,NULL,NULL,NULL,NULL,NULL,NULL,0,NULL),(870,NULL,'Strikebreaker',NULL,350000,0,NULL,NULL,NULL,NULL,NULL,NULL,NULL,NULL,NULL,NULL,NULL,NULL,NULL,0,NULL),(871,NULL,'SU-42RS Flashblind',NULL,400000,0,NULL,NULL,NULL,NULL,NULL,NULL,NULL,NULL,NULL,NULL,NULL,NULL,NULL,0,NULL),(872,NULL,'Ground Armoured Tank','GAT',400000,0,NULL,NULL,NULL,NULL,NULL,NULL,NULL,NULL,NULL,NULL,NULL,NULL,NULL,0,NULL),(873,NULL,'PTB-625 planetary bomber',NULL,400000,0,NULL,NULL,NULL,NULL,NULL,NULL,NULL,NULL,NULL,NULL,NULL,NULL,NULL,0,NULL),(874,NULL,'SCS-19 Sentinel','SCS-19',400000,0,NULL,NULL,NULL,NULL,NULL,NULL,NULL,NULL,NULL,NULL,NULL,NULL,NULL,0,NULL),(875,NULL,'M102 Fire Arc',NULL,400000,0,NULL,NULL,NULL,NULL,NULL,NULL,NULL,NULL,NULL,NULL,NULL,NULL,NULL,0,NULL),(876,NULL,'Missile attack launcher',NULL,450000,4,NULL,NULL,NULL,NULL,NULL,NULL,NULL,NULL,NULL,NULL,NULL,NULL,NULL,0,NULL),(877,NULL,'J-1 Proton Cannon',NULL,450000,0,NULL,NULL,NULL,NULL,NULL,NULL,NULL,NULL,NULL,NULL,NULL,NULL,NULL,0,NULL),(878,NULL,'OG-9',NULL,500000,0,NULL,NULL,NULL,NULL,NULL,NULL,NULL,NULL,NULL,NULL,NULL,NULL,NULL,0,NULL),(879,NULL,'AAT',NULL,550000,0,NULL,NULL,NULL,NULL,NULL,NULL,NULL,NULL,NULL,NULL,NULL,NULL,NULL,0,NULL),(880,NULL,'HMP Droid gunship',NULL,650000,2,NULL,NULL,NULL,NULL,NULL,NULL,NULL,NULL,NULL,NULL,NULL,NULL,NULL,0,NULL),(881,NULL,'Octuptarra Magna Droid',NULL,700000,0,NULL,NULL,NULL,NULL,NULL,NULL,NULL,NULL,NULL,NULL,NULL,NULL,NULL,0,NULL),(882,NULL,'Trident-class assault ship',NULL,850000,3,NULL,NULL,NULL,NULL,NULL,NULL,NULL,NULL,NULL,NULL,NULL,NULL,NULL,0,NULL),(883,NULL,'MTT',NULL,1000000,0,NULL,NULL,NULL,NULL,NULL,NULL,NULL,NULL,NULL,NULL,NULL,NULL,NULL,0,NULL),(884,NULL,'Balutar-class swoop [Armed]',NULL,10000,0,NULL,NULL,NULL,NULL,NULL,NULL,NULL,NULL,NULL,NULL,NULL,NULL,NULL,0,NULL),(885,NULL,'Buirk&#039;alor-class Airspeeder',NULL,20000,0,NULL,NULL,NULL,NULL,NULL,NULL,NULL,NULL,NULL,NULL,NULL,NULL,NULL,0,NULL),(886,NULL,'Shadow V Combat Airspeeder',NULL,100000,0,NULL,NULL,NULL,NULL,NULL,NULL,NULL,NULL,NULL,NULL,NULL,NULL,NULL,0,NULL),(887,NULL,'Clone Personal Walker',NULL,120000,0,NULL,NULL,NULL,NULL,NULL,NULL,NULL,NULL,NULL,NULL,NULL,NULL,NULL,0,NULL),(888,NULL,'Scout-Class 2-M Repulsor Tank','SC2-M',200000,0,NULL,NULL,NULL,NULL,NULL,NULL,NULL,NULL,NULL,NULL,NULL,NULL,NULL,0,NULL),(889,NULL,'Shark Airspeeder',NULL,250000,5,NULL,NULL,NULL,NULL,NULL,NULL,NULL,NULL,NULL,NULL,NULL,NULL,NULL,0,NULL),(890,NULL,'Wing-Blast rocket pack',NULL,300000,2,NULL,NULL,NULL,NULL,NULL,NULL,NULL,NULL,NULL,NULL,NULL,NULL,NULL,0,NULL),(891,NULL,'AT-FRC',NULL,350000,0,NULL,NULL,NULL,NULL,NULL,NULL,NULL,NULL,NULL,NULL,NULL,NULL,NULL,0,NULL),(892,NULL,'Death Watch Tank',NULL,450000,1,NULL,NULL,NULL,NULL,NULL,NULL,NULL,NULL,NULL,NULL,NULL,NULL,NULL,0,NULL),(893,NULL,'MZ-8 Pulse Cannon',NULL,550000,0,NULL,NULL,NULL,NULL,NULL,NULL,NULL,NULL,NULL,NULL,NULL,NULL,NULL,0,NULL),(894,NULL,'AT-XT',NULL,650000,0,NULL,NULL,NULL,NULL,NULL,NULL,NULL,NULL,NULL,NULL,NULL,NULL,NULL,0,NULL),(895,7,'Basilisk War Droid',NULL,650000,1,NULL,NULL,NULL,NULL,NULL,NULL,NULL,NULL,NULL,NULL,NULL,NULL,NULL,0,NULL),(896,NULL,'Canderous Assault tank',NULL,750000,4,NULL,NULL,NULL,NULL,NULL,NULL,NULL,NULL,NULL,NULL,NULL,NULL,NULL,0,NULL),(897,NULL,'AT-OT',NULL,800000,4,NULL,NULL,NULL,NULL,NULL,NULL,NULL,NULL,NULL,NULL,NULL,NULL,NULL,0,NULL),(898,NULL,'All Terrain Tactical Enforcer','AT-TE',1250000,4,NULL,NULL,NULL,NULL,NULL,NULL,NULL,NULL,NULL,NULL,NULL,NULL,NULL,0,NULL),(899,NULL,'Rebel Personnel Carrier',NULL,5000,1,NULL,NULL,NULL,NULL,NULL,NULL,NULL,NULL,NULL,NULL,NULL,NULL,NULL,0,NULL),(900,NULL,'Rebel Alliance ShadoWing-4',NULL,15000,0,NULL,NULL,NULL,NULL,NULL,NULL,NULL,NULL,NULL,NULL,NULL,NULL,NULL,0,NULL),(901,9,'All Terrain Tactical Enforcer','AT-TE',1250000,4,NULL,NULL,NULL,NULL,NULL,NULL,NULL,NULL,NULL,NULL,NULL,NULL,NULL,0,NULL),(902,NULL,'SRV-1',NULL,50000,0,NULL,NULL,NULL,NULL,NULL,NULL,NULL,NULL,NULL,NULL,NULL,NULL,NULL,0,NULL),(903,NULL,'Amphibion',NULL,50000,3,NULL,NULL,NULL,NULL,NULL,NULL,NULL,NULL,NULL,NULL,NULL,NULL,NULL,0,NULL),(904,NULL,'Torpedo attack carrier',NULL,75000,0,NULL,NULL,NULL,NULL,NULL,NULL,NULL,NULL,NULL,NULL,NULL,NULL,NULL,0,NULL),(905,NULL,'T-47 airspeeder',NULL,80000,2,NULL,NULL,NULL,NULL,NULL,NULL,NULL,NULL,NULL,NULL,NULL,NULL,NULL,0,NULL),(906,NULL,'T-47 swampspeeder',NULL,85000,0,NULL,NULL,NULL,NULL,NULL,NULL,NULL,NULL,NULL,NULL,NULL,NULL,NULL,0,NULL),(907,NULL,'T2-B Repulsor Tank',NULL,150000,2,NULL,NULL,NULL,NULL,NULL,NULL,NULL,NULL,NULL,NULL,NULL,NULL,NULL,0,NULL),(908,NULL,'Infantry Support platform',NULL,200000,0,NULL,NULL,NULL,NULL,NULL,NULL,NULL,NULL,NULL,NULL,NULL,NULL,NULL,0,NULL),(909,NULL,'V-wing Airspeeder',NULL,200000,4,NULL,NULL,NULL,NULL,NULL,NULL,NULL,NULL,NULL,NULL,NULL,NULL,NULL,0,NULL),(910,NULL,'Armored Land Speeder',NULL,200000,0,NULL,NULL,NULL,NULL,NULL,NULL,NULL,NULL,NULL,NULL,NULL,NULL,NULL,0,NULL),(911,NULL,'Freerunner',NULL,350000,0,NULL,NULL,NULL,NULL,NULL,NULL,NULL,NULL,NULL,NULL,NULL,NULL,NULL,0,NULL),(912,NULL,'V-25 Combat Speeder',NULL,400000,0,NULL,NULL,NULL,NULL,NULL,NULL,NULL,NULL,NULL,NULL,NULL,NULL,NULL,0,NULL),(913,NULL,'SP.9 Artillery Vehicle',NULL,400000,0,NULL,NULL,NULL,NULL,NULL,NULL,NULL,NULL,NULL,NULL,NULL,NULL,NULL,0,NULL),(914,NULL,'AAC-2 Hovertank',NULL,450000,3,NULL,NULL,NULL,NULL,NULL,NULL,NULL,NULL,NULL,NULL,NULL,NULL,NULL,0,NULL),(915,NULL,'Arrow-23 Landspeeder',NULL,500000,1,NULL,NULL,NULL,NULL,NULL,NULL,NULL,NULL,NULL,NULL,NULL,NULL,NULL,0,NULL),(916,NULL,'T3-B Attack Tank',NULL,500000,0,NULL,NULL,NULL,NULL,NULL,NULL,NULL,NULL,NULL,NULL,NULL,NULL,NULL,0,NULL),(917,NULL,'MPTL-2a Artillery',NULL,550000,0,NULL,NULL,NULL,NULL,NULL,NULL,NULL,NULL,NULL,NULL,NULL,NULL,NULL,0,NULL),(918,NULL,'T4-B Heavy Tank',NULL,550000,0,NULL,NULL,NULL,NULL,NULL,NULL,NULL,NULL,NULL,NULL,NULL,NULL,NULL,0,NULL),(919,NULL,'Ultra-Light Assault Vehicle',NULL,600000,0,NULL,NULL,NULL,NULL,NULL,NULL,NULL,NULL,NULL,NULL,NULL,NULL,NULL,0,NULL),(920,NULL,'AHS-1 Heavy Assault Speeder',NULL,750000,0,NULL,NULL,NULL,NULL,NULL,NULL,NULL,NULL,NULL,NULL,NULL,NULL,NULL,0,NULL),(921,NULL,'Rebel Attack Tank',NULL,1500000,0,NULL,NULL,NULL,NULL,NULL,NULL,NULL,NULL,NULL,NULL,NULL,NULL,NULL,0,NULL),(922,NULL,'MAS-2xB Self-Propelled Turbolaser',NULL,2000000,0,NULL,NULL,NULL,NULL,NULL,NULL,NULL,NULL,NULL,NULL,NULL,NULL,NULL,0,NULL),(923,NULL,'V-35 courier',NULL,12500,2,NULL,NULL,NULL,NULL,NULL,NULL,NULL,NULL,NULL,NULL,NULL,NULL,NULL,0,NULL),(924,NULL,'Skyblade-330',NULL,12500,2,NULL,NULL,NULL,NULL,NULL,NULL,NULL,NULL,NULL,NULL,NULL,NULL,NULL,0,NULL),(925,NULL,'X-34 landspeeder',NULL,15000,2,NULL,NULL,NULL,NULL,NULL,NULL,NULL,NULL,NULL,NULL,NULL,NULL,NULL,0,NULL),(926,NULL,'CAP-2 Captivator',NULL,20000,0,NULL,NULL,NULL,NULL,NULL,NULL,NULL,NULL,NULL,NULL,NULL,NULL,NULL,0,NULL),(927,NULL,'Bespin-class Airhook',NULL,20000,0,NULL,NULL,NULL,NULL,NULL,NULL,NULL,NULL,NULL,NULL,NULL,NULL,NULL,0,NULL),(928,NULL,'IG Lancer Swoop Bikes',NULL,30000,0,NULL,NULL,NULL,NULL,NULL,NULL,NULL,NULL,NULL,NULL,NULL,NULL,NULL,0,NULL),(930,NULL,'WLO-5 speeder tank',NULL,250000,3,NULL,NULL,NULL,NULL,NULL,NULL,NULL,NULL,NULL,NULL,NULL,NULL,NULL,0,NULL),(931,NULL,'K-222 Aero-Interceptor',NULL,500000,9,NULL,NULL,NULL,NULL,NULL,NULL,NULL,NULL,NULL,NULL,NULL,NULL,NULL,0,NULL),(932,NULL,'Invader AA-9 Assault Airspeeder',NULL,500000,0,NULL,NULL,NULL,NULL,NULL,NULL,NULL,NULL,NULL,NULL,NULL,NULL,NULL,0,NULL),(933,NULL,'Advanced DSD',NULL,750000,0,NULL,NULL,NULL,NULL,NULL,NULL,NULL,NULL,NULL,NULL,NULL,NULL,NULL,0,NULL),(935,NULL,'R-444 Imperial Sky Swooper',NULL,20000,0,NULL,NULL,NULL,NULL,NULL,NULL,NULL,NULL,NULL,NULL,NULL,NULL,NULL,0,NULL),(936,NULL,'CP-H Patrol Speeder',NULL,25000,0,NULL,NULL,NULL,NULL,NULL,NULL,NULL,NULL,NULL,NULL,NULL,NULL,NULL,0,NULL),(937,NULL,'Imperial-Class Repulsortank Chassis','Imperial Repulsortank',100000,1,NULL,NULL,NULL,NULL,NULL,NULL,NULL,NULL,NULL,NULL,NULL,NULL,NULL,0,NULL),(938,NULL,'ITT',NULL,400000,0,NULL,NULL,NULL,NULL,NULL,NULL,NULL,NULL,NULL,NULL,NULL,NULL,NULL,0,NULL),(939,NULL,'Storm Trooper Transport (Trogan)',NULL,400000,0,NULL,NULL,NULL,NULL,NULL,NULL,NULL,NULL,NULL,NULL,NULL,NULL,NULL,0,NULL),(941,NULL,'AT-DT',NULL,400000,0,NULL,NULL,NULL,NULL,NULL,NULL,NULL,NULL,NULL,NULL,NULL,NULL,NULL,0,NULL),(943,NULL,'AQ-5 Waveskimmer','AQ-5',450000,0,NULL,NULL,NULL,NULL,NULL,NULL,NULL,NULL,NULL,NULL,NULL,NULL,NULL,0,NULL),(944,NULL,'SPMA',NULL,550000,0,NULL,NULL,NULL,NULL,NULL,NULL,NULL,NULL,NULL,NULL,NULL,NULL,NULL,0,NULL),(945,NULL,'AT-MP',NULL,550000,3,NULL,NULL,NULL,NULL,NULL,NULL,NULL,NULL,NULL,NULL,NULL,NULL,NULL,0,NULL),(946,NULL,'Megamaser Artillery',NULL,600000,0,NULL,NULL,NULL,NULL,NULL,NULL,NULL,NULL,NULL,NULL,NULL,NULL,NULL,0,NULL),(947,NULL,'Swift Assault 5',NULL,750000,0,NULL,NULL,NULL,NULL,NULL,NULL,NULL,NULL,NULL,NULL,NULL,NULL,NULL,0,NULL),(948,NULL,'PX-4 Mobile Command Crawler',NULL,750000,0,NULL,NULL,NULL,NULL,NULL,NULL,NULL,NULL,NULL,NULL,NULL,NULL,NULL,0,NULL),(949,NULL,'All Terrain Scout Transport','AT-ST',750000,2,NULL,NULL,NULL,NULL,NULL,NULL,NULL,NULL,NULL,NULL,NULL,NULL,NULL,0,NULL),(950,NULL,'All Terrain Anti-Aircraft','AT-AA',1000000,0,NULL,NULL,NULL,NULL,NULL,NULL,NULL,NULL,NULL,NULL,NULL,NULL,NULL,0,NULL),(951,NULL,'All Terrain Armoured Transport','AT-AT',1250000,5,NULL,NULL,NULL,NULL,NULL,NULL,NULL,NULL,NULL,NULL,NULL,NULL,NULL,0,NULL),(954,NULL,'Scuttler',NULL,100000,0,NULL,NULL,NULL,NULL,NULL,NULL,NULL,NULL,NULL,NULL,NULL,NULL,NULL,0,NULL),(955,NULL,'Espo Walker 101',NULL,250000,0,NULL,NULL,NULL,NULL,NULL,NULL,NULL,NULL,NULL,NULL,NULL,NULL,NULL,0,NULL),(956,NULL,'LaVr-QH Chariot',NULL,250000,0,NULL,NULL,NULL,NULL,NULL,NULL,NULL,NULL,NULL,NULL,NULL,NULL,NULL,0,NULL),(957,NULL,'TIE ap-1/mauler',NULL,300000,2,NULL,NULL,NULL,NULL,NULL,NULL,NULL,NULL,NULL,NULL,NULL,NULL,NULL,0,NULL),(958,NULL,'Armoured Personnel Carrier','APC',425000,0,NULL,NULL,NULL,NULL,NULL,NULL,NULL,NULL,NULL,NULL,NULL,NULL,NULL,0,NULL),(960,NULL,'TX-225 GAVw Occupier',NULL,500000,0,NULL,NULL,NULL,NULL,NULL,NULL,NULL,NULL,NULL,NULL,NULL,NULL,NULL,0,NULL),(961,NULL,'Lancet Aerial Artillery',NULL,600000,2,NULL,NULL,NULL,NULL,NULL,NULL,NULL,NULL,NULL,NULL,NULL,NULL,NULL,0,NULL),(962,NULL,'Nemesis gunship',NULL,750000,4,NULL,NULL,NULL,NULL,NULL,NULL,NULL,NULL,NULL,NULL,NULL,NULL,NULL,0,NULL),(963,NULL,'TIE Crawler',NULL,750000,0,NULL,NULL,NULL,NULL,NULL,NULL,NULL,NULL,NULL,NULL,NULL,NULL,NULL,0,NULL),(964,NULL,'A9 Floating Fortress',NULL,850000,0,NULL,NULL,NULL,NULL,NULL,NULL,NULL,NULL,NULL,NULL,NULL,NULL,NULL,0,NULL),(965,NULL,'614-AvA Speeder',NULL,10000,0,NULL,NULL,NULL,NULL,NULL,NULL,NULL,NULL,NULL,NULL,NULL,NULL,NULL,0,NULL),(966,NULL,'Storm Skimmer Patrol Sled',NULL,40000,0,NULL,NULL,NULL,NULL,NULL,NULL,NULL,NULL,NULL,NULL,NULL,NULL,NULL,0,NULL),(969,NULL,'Imperial submarine',NULL,100000,0,NULL,NULL,NULL,NULL,NULL,NULL,NULL,NULL,NULL,NULL,NULL,NULL,NULL,0,NULL),(970,NULL,'AV-9 Wheeled Artillery',NULL,200000,0,NULL,NULL,NULL,NULL,NULL,NULL,NULL,NULL,NULL,NULL,NULL,NULL,NULL,0,NULL),(971,NULL,'AT-AR',NULL,200000,1,NULL,NULL,NULL,NULL,NULL,NULL,NULL,NULL,NULL,NULL,NULL,NULL,NULL,0,NULL),(972,NULL,'AT-RCT',NULL,250000,0,NULL,NULL,NULL,NULL,NULL,NULL,NULL,NULL,NULL,NULL,NULL,NULL,NULL,0,NULL),(973,NULL,'NN-01 Airspeeder',NULL,250000,0,NULL,NULL,NULL,NULL,NULL,NULL,NULL,NULL,NULL,NULL,NULL,NULL,NULL,0,NULL),(974,NULL,'AT-PT',NULL,300000,0,NULL,NULL,NULL,NULL,NULL,NULL,NULL,NULL,NULL,NULL,NULL,NULL,NULL,0,NULL),(975,NULL,'AT-AP',NULL,550000,0,NULL,NULL,NULL,NULL,NULL,NULL,NULL,NULL,NULL,NULL,NULL,NULL,NULL,0,NULL),(977,NULL,'S-1 FireHawke Heavy Repulsortank',NULL,650000,3,NULL,NULL,NULL,NULL,NULL,NULL,NULL,NULL,NULL,NULL,NULL,NULL,NULL,0,NULL),(979,NULL,'74-Z Speeder Bike','74-Z',20000,1,NULL,NULL,NULL,NULL,NULL,NULL,NULL,NULL,NULL,NULL,NULL,NULL,NULL,0,NULL),(980,NULL,'Imperial Escort Fighter',NULL,100000,0,NULL,NULL,NULL,NULL,NULL,NULL,NULL,NULL,NULL,NULL,NULL,NULL,NULL,0,NULL),(981,NULL,'INT-4 Interceptor',NULL,200000,0,NULL,NULL,NULL,NULL,NULL,NULL,NULL,NULL,NULL,NULL,NULL,NULL,NULL,0,NULL),(982,NULL,'2-M Saber-Class Repulsor Tank','2-M',650000,4,NULL,NULL,NULL,NULL,NULL,NULL,NULL,NULL,NULL,NULL,NULL,NULL,NULL,0,NULL),(983,NULL,'STAP',NULL,30000,0,NULL,NULL,NULL,NULL,NULL,NULL,NULL,NULL,NULL,NULL,NULL,NULL,NULL,0,NULL),(984,NULL,'Armored Scout Platform',NULL,100000,0,NULL,NULL,NULL,NULL,NULL,NULL,NULL,NULL,NULL,NULL,NULL,NULL,NULL,0,NULL),(985,NULL,'Imperial Repulsor Scout',NULL,100000,0,NULL,NULL,NULL,NULL,NULL,NULL,NULL,NULL,NULL,NULL,NULL,NULL,NULL,0,NULL),(986,NULL,'MTV-7',NULL,100000,0,NULL,NULL,NULL,NULL,NULL,NULL,NULL,NULL,NULL,NULL,NULL,NULL,NULL,0,NULL),(987,NULL,'Manta droid subfighter',NULL,200000,0,NULL,NULL,NULL,NULL,NULL,NULL,NULL,NULL,NULL,NULL,NULL,NULL,NULL,0,NULL),(988,NULL,'JX40 Jailspeeder',NULL,200000,0,NULL,NULL,NULL,NULL,NULL,NULL,NULL,NULL,NULL,NULL,NULL,NULL,NULL,0,NULL),(989,NULL,'AT AR',NULL,200000,1,NULL,NULL,NULL,NULL,NULL,NULL,NULL,NULL,NULL,NULL,NULL,NULL,NULL,0,NULL),(990,NULL,'T-4 Turret Droid',NULL,250000,0,NULL,NULL,NULL,NULL,NULL,NULL,NULL,NULL,NULL,NULL,NULL,NULL,NULL,0,NULL),(991,NULL,'HAG-M',NULL,500000,0,NULL,NULL,NULL,NULL,NULL,NULL,NULL,NULL,NULL,NULL,NULL,NULL,NULL,0,NULL),(992,9,'HAVw A5 Juggernaut','HAVw A5',1000000,0,NULL,NULL,NULL,NULL,NULL,NULL,NULL,NULL,NULL,NULL,NULL,NULL,NULL,0,NULL),(993,NULL,'XR-85 Tank Droid',NULL,1500000,0,NULL,NULL,NULL,NULL,NULL,NULL,NULL,NULL,NULL,NULL,NULL,NULL,NULL,0,NULL),(994,9,'HCVw A9 Turbo Tank','HCVw A9',2000000,0,NULL,NULL,NULL,NULL,NULL,NULL,NULL,NULL,NULL,NULL,NULL,NULL,NULL,0,NULL),(995,NULL,'SX20 Airskimmer',NULL,20000,0,NULL,NULL,NULL,NULL,NULL,NULL,NULL,NULL,NULL,NULL,NULL,NULL,NULL,0,NULL),(996,8,'GX12 Hovervan',NULL,20000,0,NULL,NULL,NULL,NULL,NULL,NULL,NULL,NULL,NULL,NULL,NULL,NULL,NULL,0,NULL),(997,7,'X10 Ground Cruiser',NULL,30000,0,NULL,NULL,NULL,NULL,NULL,NULL,NULL,NULL,NULL,NULL,NULL,NULL,NULL,0,NULL),(998,7,'Compact Assault Vehicle/Wheeled PX-10','PX-10',100000,0,NULL,NULL,NULL,NULL,NULL,NULL,NULL,NULL,NULL,NULL,NULL,NULL,NULL,0,NULL),(1000,8,'TX-130T Fighter Tank','TX-130T',650000,2,NULL,NULL,NULL,NULL,NULL,NULL,NULL,NULL,NULL,NULL,NULL,NULL,NULL,0,NULL);
/*!40000 ALTER TABLE `unit` ENABLE KEYS */;
UNLOCK TABLES;

--
-- Table structure for table `unit_armament`
--

DROP TABLE IF EXISTS `unit_armament`;
/*!40101 SET @saved_cs_client     = @@character_set_client */;
/*!40101 SET character_set_client = utf8 */;
CREATE TABLE `unit_armament` (
  `unit_id` smallint(5) unsigned DEFAULT NULL,
  `armament_id` smallint(5) unsigned DEFAULT NULL,
  `battery_size` tinyint(3) unsigned DEFAULT NULL,
  `weapon_range` smallint(5) unsigned DEFAULT NULL,
  `firelink` tinyint(3) unsigned DEFAULT NULL,
  `weapon_type` varchar(32) DEFAULT NULL,
  `quantity` smallint(5) unsigned DEFAULT NULL,
  `direction` varchar(32) DEFAULT NULL,
  KEY `unit_id` (`unit_id`),
  KEY `armament_id` (`armament_id`),
  CONSTRAINT `unit_armament_ibfk_1` FOREIGN KEY (`unit_id`) REFERENCES `unit` (`unit_id`)
) ENGINE=InnoDB DEFAULT CHARSET=utf8mb4;
/*!40101 SET character_set_client = @saved_cs_client */;

--
-- Dumping data for table `unit_armament`
--

LOCK TABLES `unit_armament` WRITE;
/*!40000 ALTER TABLE `unit_armament` DISABLE KEYS */;
INSERT INTO `unit_armament` VALUES (1,1,2,NULL,0,':Batteries',20,'Fore'),(1,1,2,NULL,0,':Batteries',15,'Port'),(1,1,2,NULL,0,':Batteries',15,'Starboard'),(1,1,1,NULL,0,':Cannons',20,'Fore'),(1,1,1,NULL,0,':Cannons',10,'Port'),(1,1,1,NULL,0,':Cannons',10,'Starboard'),(1,1,1,NULL,0,':Cannons',10,'Aft'),(1,2,2,NULL,0,':Batteries',26,''),(1,3,1,NULL,0,':Cannons',10,'Fore'),(1,3,1,NULL,0,':Cannons',5,'Port'),(1,3,1,NULL,0,':Cannons',5,'Starboard'),(1,5,8,NULL,0,'Barbette:Cannons',8,''),(1,4,1,NULL,0,'Phylon Q7:Projectors',6,'Fore'),(1,4,1,NULL,0,'Phylon Q7:Projectors',2,'Port'),(1,4,1,NULL,0,'Phylon Q7:Projectors',2,'Starboard');
/*!40000 ALTER TABLE `unit_armament` ENABLE KEYS */;
UNLOCK TABLES;

--
-- Table structure for table `unit_complement`
--

DROP TABLE IF EXISTS `unit_complement`;
/*!40101 SET @saved_cs_client     = @@character_set_client */;
/*!40101 SET character_set_client = utf8 */;
CREATE TABLE `unit_complement` (
  `complement_id` smallint(5) unsigned NOT NULL,
  `quantity` int(10) unsigned DEFAULT NULL,
  `unit_id` smallint(5) unsigned NOT NULL,
  PRIMARY KEY (`unit_id`,`complement_id`),
  KEY `complement_id` (`complement_id`),
  CONSTRAINT `unit_complement_ibfk_1` FOREIGN KEY (`unit_id`) REFERENCES `unit` (`unit_id`),
  CONSTRAINT `unit_complement_ibfk_2` FOREIGN KEY (`complement_id`) REFERENCES `complement` (`complement_id`)
) ENGINE=InnoDB DEFAULT CHARSET=utf8mb4;
/*!40101 SET character_set_client = @saved_cs_client */;

--
-- Dumping data for table `unit_complement`
--

LOCK TABLES `unit_complement` WRITE;
/*!40000 ALTER TABLE `unit_complement` DISABLE KEYS */;
INSERT INTO `unit_complement` VALUES (1,78,1),(2,36,1),(3,20,1),(4,30,1),(5,9700,1),(6,1,1),(7,36000,1),(8,2190,1),(9,36755,1),(10,330,1),(11,5000,1);
/*!40000 ALTER TABLE `unit_complement` ENABLE KEYS */;
UNLOCK TABLES;

--
-- Table structure for table `unit_skill`
--

DROP TABLE IF EXISTS `unit_skill`;
/*!40101 SET @saved_cs_client     = @@character_set_client */;
/*!40101 SET character_set_client = utf8 */;
CREATE TABLE `unit_skill` (
  `unit_id` smallint(5) unsigned NOT NULL,
  `skill_id` tinyint(3) unsigned NOT NULL,
  `value` tinyint(3) unsigned DEFAULT NULL,
  PRIMARY KEY (`unit_id`,`skill_id`),
  KEY `skill_id` (`skill_id`),
  CONSTRAINT `unit_skill_ibfk_1` FOREIGN KEY (`unit_id`) REFERENCES `unit` (`unit_id`),
  CONSTRAINT `unit_skill_ibfk_2` FOREIGN KEY (`skill_id`) REFERENCES `skill` (`skill_id`)
) ENGINE=InnoDB DEFAULT CHARSET=utf8mb4;
/*!40101 SET character_set_client = @saved_cs_client */;

--
-- Dumping data for table `unit_skill`
--

LOCK TABLES `unit_skill` WRITE;
/*!40000 ALTER TABLE `unit_skill` DISABLE KEYS */;
/*!40000 ALTER TABLE `unit_skill` ENABLE KEYS */;
UNLOCK TABLES;

--
-- Table structure for table `unit_type`
--

DROP TABLE IF EXISTS `unit_type`;
/*!40101 SET @saved_cs_client     = @@character_set_client */;
/*!40101 SET character_set_client = utf8 */;
CREATE TABLE `unit_type` (
  `unit_type` smallint(5) unsigned NOT NULL AUTO_INCREMENT,
  `type_description` varchar(128) DEFAULT NULL,
  PRIMARY KEY (`unit_type`)
) ENGINE=InnoDB AUTO_INCREMENT=20 DEFAULT CHARSET=utf8mb4;
/*!40101 SET character_set_client = @saved_cs_client */;

--
-- Dumping data for table `unit_type`
--

LOCK TABLES `unit_type` WRITE;
/*!40000 ALTER TABLE `unit_type` DISABLE KEYS */;
INSERT INTO `unit_type` VALUES (1,'Capital Ship'),(2,'Starfighter'),(3,'Shuttle'),(4,'Transport'),(5,'Heavy Transport'),(6,'Speeder'),(7,'Small Vehicle'),(8,'Medium Vehicle'),(9,'Large Vehicle'),(10,'Juggernaut'),(11,'Infantry'),(12,'Space Station'),(13,'Car'),(14,'Building'),(15,'Military Installation'),(16,'Civilian'),(17,'Modular Garrison'),(18,'Gunship'),(19,'Airspeeder');
/*!40000 ALTER TABLE `unit_type` ENABLE KEYS */;
UNLOCK TABLES;

--
-- Table structure for table `units_in_shop`
--

DROP TABLE IF EXISTS `units_in_shop`;
/*!40101 SET @saved_cs_client     = @@character_set_client */;
/*!40101 SET character_set_client = utf8 */;
CREATE TABLE `units_in_shop` (
  `shop_id` smallint(5) unsigned NOT NULL,
  `unit_id` smallint(5) unsigned NOT NULL,
  PRIMARY KEY (`shop_id`,`unit_id`),
  KEY `unit_id` (`unit_id`),
  CONSTRAINT `units_in_shop_ibfk_1` FOREIGN KEY (`shop_id`) REFERENCES `shop` (`shop_id`),
  CONSTRAINT `units_in_shop_ibfk_2` FOREIGN KEY (`unit_id`) REFERENCES `unit` (`unit_id`)
) ENGINE=InnoDB DEFAULT CHARSET=utf8mb4;
/*!40101 SET character_set_client = @saved_cs_client */;

--
-- Dumping data for table `units_in_shop`
--

LOCK TABLES `units_in_shop` WRITE;
/*!40000 ALTER TABLE `units_in_shop` DISABLE KEYS */;
INSERT INTO `units_in_shop` VALUES (1,2),(1,81),(1,154),(1,301),(2,155),(3,132),(3,156),(3,302),(4,3),(4,4),(4,157),(4,253),(4,254),(5,5),(5,6),(5,82),(5,255),(5,256),(6,133),(6,134),(6,135),(6,158),(7,136),(7,137),(7,138),(7,139),(8,7),(8,8),(8,9),(8,10),(8,11),(8,12),(8,83),(8,84),(8,85),(8,159),(8,160),(8,161),(8,162),(8,163),(8,255),(8,303),(8,304),(8,305),(9,13),(9,14),(9,16),(9,17),(9,18),(9,19),(9,48),(9,86),(9,87),(9,164),(9,165),(9,166),(9,168),(9,169),(9,201),(9,257),(9,258),(9,259),(9,306),(9,346),(10,20),(10,21),(10,22),(10,23),(10,24),(10,88),(10,89),(10,90),(10,170),(10,171),(10,172),(10,173),(10,174),(10,175),(10,260),(10,261),(10,262),(10,263),(10,264),(11,6),(11,25),(11,26),(11,27),(11,28),(11,107),(11,176),(11,177),(11,178),(11,179),(11,180),(11,181),(11,182),(11,265),(11,266),(11,267),(11,302),(11,307),(11,346),(12,92),(13,36),(13,86),(13,93),(13,94),(13,96),(13,268),(14,30),(14,31),(14,97),(14,98),(14,99),(14,183),(15,32),(15,33),(15,34),(15,98),(15,101),(15,305),(16,35),(16,36),(16,96),(16,102),(16,103),(16,184),(17,32),(17,37),(17,38),(17,104),(17,105),(17,106),(17,174),(17,185),(17,186),(17,309),(17,310),(17,311),(18,39),(18,40),(18,41),(18,107),(18,108),(18,109),(18,173),(18,175),(18,187),(18,312),(18,313),(18,314),(19,42),(19,43),(19,44),(19,110),(19,111),(19,188),(19,189),(19,190),(19,269),(19,315),(19,316),(19,317),(20,45),(20,46),(20,47),(20,112),(20,158),(20,191),(20,192),(20,270),(20,271),(20,318),(20,319),(20,320),(21,7),(21,8),(21,11),(21,48),(21,49),(21,142),(21,272),(21,291),(22,274),(22,275),(23,113),(23,114),(23,115),(23,143),(23,194),(23,195),(23,196),(23,197),(23,198),(23,276),(24,50),(24,116),(24,144),(24,199),(24,277),(24,278),(24,279),(25,51),(25,52),(25,117),(25,118),(25,200),(26,53),(26,54),(26,280),(26,281),(26,282),(26,283),(26,321),(26,322),(26,323),(26,324),(27,55),(27,56),(27,57),(27,58),(27,201),(27,202),(27,284),(27,325),(28,59),(28,60),(28,61),(28,62),(28,63),(28,119),(29,64),(29,65),(29,66),(29,285),(30,145),(30,146),(31,67),(31,68),(31,209),(31,347),(32,27),(32,69),(32,120),(32,121),(32,210),(32,211),(32,212),(32,286),(32,287),(32,288),(32,289),(32,326),(32,327),(33,70),(33,258),(33,272),(33,280),(33,290),(33,291),(33,292),(33,293),(33,294),(34,147),(34,213),(34,214),(35,148),(36,7),(36,8),(36,71),(36,122),(36,123),(36,124),(36,159),(36,160),(36,182),(36,215),(36,216),(36,217),(36,218),(36,219),(36,220),(36,328),(36,329),(37,72),(37,149),(37,150),(37,222),(37,223),(37,224),(37,225),(38,48),(38,72),(38,125),(38,201),(38,227),(38,330),(39,72),(39,75),(39,228),(39,229),(39,230),(39,231),(39,232),(39,297),(39,331),(40,72),(40,75),(40,77),(40,126),(40,127),(40,151),(40,152),(40,233),(40,330),(40,332),(40,333),(40,334),(40,335),(40,336),(40,337),(40,338),(40,339),(40,340),(41,173),(41,234),(41,235),(41,236),(41,237),(41,238),(41,239),(41,240),(41,241),(41,242),(42,243),(42,244),(43,243),(43,245),(44,77),(44,126),(44,246),(44,298),(44,341),(45,78),(45,79),(45,80),(45,128),(45,129),(45,130),(45,247),(45,248),(45,249),(45,250),(45,251),(45,313),(45,314),(45,322),(45,343),(45,348),(45,349),(45,350),(45,351),(45,444),(46,131),(46,300),(47,153),(47,252),(49,352),(49,353),(49,354),(49,355),(49,356),(49,357),(49,358),(49,359),(49,360),(49,361),(49,362),(49,363),(49,364),(49,365),(49,366),(49,367),(49,368),(49,370),(49,372),(49,373),(49,374),(49,375),(49,376),(49,377),(49,378),(49,379),(49,380),(49,381),(49,387),(49,438),(49,518),(49,519),(49,520),(49,521),(49,522),(49,523),(49,524),(49,525),(49,526),(49,527),(49,528),(49,529),(49,530),(49,531),(49,532),(49,533),(49,534),(49,535),(49,536),(49,537),(49,538),(49,606),(49,607),(49,608),(49,609),(49,610),(49,611),(49,612),(49,613),(49,614),(49,615),(49,616),(49,617),(49,618),(49,619),(49,620),(49,621),(49,622),(49,623),(49,624),(49,625),(49,626),(49,776),(49,777),(49,778),(49,779),(49,780),(49,781),(49,782),(49,783),(49,784),(49,785),(49,786),(49,787),(49,788),(49,789),(49,790),(49,857),(49,858),(49,859),(49,860),(49,861),(49,862),(49,863),(49,864),(49,865),(49,866),(49,867),(49,868),(49,869),(49,870),(49,871),(49,872),(49,873),(49,874),(49,875),(49,876),(49,877),(49,878),(49,879),(49,880),(49,881),(49,882),(49,883),(50,364),(50,375),(50,382),(50,383),(50,384),(50,385),(50,386),(50,387),(50,389),(50,390),(50,391),(50,392),(50,393),(50,438),(50,525),(50,538),(50,539),(50,540),(50,541),(50,542),(50,543),(50,544),(50,545),(50,546),(50,547),(50,548),(50,549),(50,606),(50,617),(50,628),(50,629),(50,630),(50,631),(50,632),(50,633),(50,634),(50,635),(50,636),(50,637),(50,638),(50,640),(50,641),(50,642),(50,643),(50,644),(50,645),(50,791),(50,792),(50,793),(50,794),(50,795),(50,796),(50,797),(50,798),(50,799),(50,800),(50,801),(50,872),(50,884),(50,885),(50,886),(50,887),(50,888),(50,889),(50,890),(50,891),(50,892),(50,893),(50,894),(50,895),(50,896),(50,897),(50,901),(51,352),(51,361),(51,364),(51,394),(51,395),(51,396),(51,397),(51,398),(51,399),(51,400),(51,401),(51,402),(51,403),(51,404),(51,405),(51,406),(51,407),(51,408),(51,409),(51,410),(51,411),(51,412),(51,413),(51,414),(51,415),(51,416),(51,417),(51,418),(51,419),(51,420),(51,421),(51,422),(51,423),(51,424),(51,425),(51,426),(51,427),(51,428),(51,535),(51,541),(51,551),(51,552),(51,553),(51,554),(51,555),(51,556),(51,557),(51,558),(51,646),(51,647),(51,648),(51,649),(51,650),(51,651),(51,652),(51,653),(51,654),(51,655),(51,656),(51,657),(51,658),(51,659),(51,660),(51,661),(51,662),(51,663),(51,664),(51,665),(51,666),(51,787),(51,802),(51,803),(51,804),(51,805),(51,806),(51,807),(51,808),(51,809),(51,810),(51,811),(51,812),(51,813),(51,870),(51,875),(51,899),(51,900),(51,902),(51,903),(51,904),(51,905),(51,906),(51,907),(51,908),(51,909),(51,910),(51,911),(51,912),(51,913),(51,914),(51,915),(51,916),(51,917),(51,918),(51,919),(51,920),(51,921),(51,922),(52,353),(52,358),(52,364),(52,365),(52,367),(52,368),(52,381),(52,396),(52,397),(52,399),(52,402),(52,403),(52,429),(52,430),(52,432),(52,433),(52,438),(52,439),(52,440),(52,441),(52,519),(52,523),(52,526),(52,527),(52,533),(52,534),(52,537),(52,559),(52,560),(52,561),(52,562),(52,563),(52,564),(52,566),(52,567),(52,606),(52,607),(52,609),(52,611),(52,613),(52,614),(52,616),(52,618),(52,625),(52,667),(52,668),(52,669),(52,670),(52,671),(52,672),(52,675),(52,676),(52,677),(52,678),(52,679),(52,778),(52,779),(52,780),(52,782),(52,787),(52,788),(52,789),(52,813),(52,814),(52,815),(52,817),(52,818),(52,819),(52,820),(52,821),(52,822),(52,823),(52,824),(52,826),(52,858),(52,859),(52,860),(52,862),(52,864),(52,870),(52,872),(52,874),(52,876),(52,878),(52,923),(52,924),(52,925),(52,926),(52,927),(52,928),(52,930),(52,931),(52,932),(52,933),(53,1),(53,364),(53,438),(53,442),(53,443),(53,444),(53,445),(53,446),(53,447),(53,448),(53,449),(53,450),(53,451),(53,452),(53,453),(53,454),(53,455),(53,456),(53,457),(53,458),(53,459),(53,460),(53,461),(53,462),(53,463),(53,464),(53,467),(53,468),(53,469),(53,470),(53,508),(53,568),(53,569),(53,570),(53,571),(53,572),(53,573),(53,574),(53,575),(53,576),(53,577),(53,596),(53,682),(53,684),(53,686),(53,687),(53,688),(53,689),(53,690),(53,691),(53,692),(53,693),(53,694),(53,695),(53,696),(53,697),(53,698),(53,699),(53,700),(53,701),(53,702),(53,703),(53,704),(53,705),(53,706),(53,707),(53,708),(53,710),(53,711),(53,728),(53,827),(53,829),(53,830),(53,831),(53,832),(53,833),(53,834),(53,835),(53,836),(53,837),(53,838),(53,839),(53,840),(53,849),(53,866),(53,868),(53,874),(53,891),(53,935),(53,936),(53,937),(53,938),(53,939),(53,941),(53,943),(53,944),(53,945),(53,946),(53,947),(53,948),(53,949),(53,950),(53,951),(53,958),(53,994),(54,1),(54,367),(54,375),(54,433),(54,438),(54,442),(54,443),(54,444),(54,447),(54,451),(54,452),(54,454),(54,459),(54,461),(54,462),(54,464),(54,467),(54,469),(54,470),(54,471),(54,472),(54,473),(54,474),(54,475),(54,476),(54,477),(54,478),(54,479),(54,480),(54,481),(54,482),(54,483),(54,486),(54,487),(54,489),(54,519),(54,568),(54,569),(54,571),(54,572),(54,574),(54,575),(54,577),(54,580),(54,581),(54,584),(54,585),(54,605),(54,682),(54,687),(54,690),(54,695),(54,697),(54,703),(54,708),(54,709),(54,710),(54,711),(54,713),(54,714),(54,715),(54,716),(54,717),(54,718),(54,719),(54,720),(54,721),(54,722),(54,723),(54,724),(54,725),(54,726),(54,727),(54,728),(54,827),(54,829),(54,831),(54,832),(54,833),(54,837),(54,838),(54,839),(54,843),(54,849),(54,866),(54,868),(54,935),(54,936),(54,937),(54,938),(54,941),(54,943),(54,944),(54,949),(54,951),(54,954),(54,955),(54,956),(54,957),(54,958),(54,960),(54,961),(54,962),(54,963),(54,964),(55,1),(55,364),(55,375),(55,402),(55,438),(55,439),(55,443),(55,444),(55,445),(55,447),(55,448),(55,450),(55,451),(55,452),(55,455),(55,456),(55,457),(55,461),(55,462),(55,464),(55,469),(55,470),(55,473),(55,474),(55,480),(55,489),(55,491),(55,492),(55,494),(55,495),(55,496),(55,499),(55,504),(55,508),(55,511),(55,554),(55,568),(55,569),(55,571),(55,580),(55,589),(55,590),(55,591),(55,592),(55,682),(55,687),(55,690),(55,695),(55,697),(55,708),(55,709),(55,711),(55,719),(55,726),(55,728),(55,729),(55,731),(55,732),(55,733),(55,735),(55,736),(55,737),(55,738),(55,739),(55,740),(55,741),(55,745),(55,805),(55,829),(55,831),(55,832),(55,833),(55,834),(55,836),(55,837),(55,838),(55,839),(55,845),(55,846),(55,847),(55,848),(55,879),(55,888),(55,935),(55,936),(55,937),(55,938),(55,941),(55,944),(55,947),(55,951),(55,961),(55,964),(55,965),(55,966),(55,969),(55,970),(55,971),(55,972),(55,973),(55,974),(55,975),(55,977),(55,998),(55,1000),(56,1),(56,364),(56,400),(56,402),(56,438),(56,443),(56,444),(56,447),(56,450),(56,451),(56,452),(56,455),(56,457),(56,459),(56,461),(56,462),(56,464),(56,467),(56,468),(56,469),(56,470),(56,471),(56,473),(56,474),(56,480),(56,482),(56,483),(56,486),(56,491),(56,492),(56,501),(56,503),(56,504),(56,505),(56,511),(56,568),(56,569),(56,570),(56,571),(56,574),(56,592),(56,595),(56,596),(56,682),(56,687),(56,688),(56,690),(56,695),(56,697),(56,703),(56,708),(56,711),(56,718),(56,726),(56,727),(56,728),(56,735),(56,743),(56,744),(56,745),(56,746),(56,747),(56,748),(56,749),(56,750),(56,751),(56,829),(56,832),(56,833),(56,836),(56,837),(56,838),(56,839),(56,843),(56,845),(56,846),(56,849),(56,850),(56,851),(56,852),(56,866),(56,868),(56,904),(56,935),(56,936),(56,937),(56,938),(56,941),(56,943),(56,944),(56,945),(56,949),(56,951),(56,956),(56,958),(56,963),(56,966),(56,970),(56,980),(56,981),(56,1000),(57,1),(57,360),(57,363),(57,364),(57,387),(57,400),(57,438),(57,439),(57,443),(57,444),(57,446),(57,447),(57,448),(57,450),(57,451),(57,452),(57,455),(57,456),(57,458),(57,459),(57,461),(57,462),(57,469),(57,470),(57,472),(57,473),(57,475),(57,479),(57,481),(57,494),(57,508),(57,509),(57,534),(57,568),(57,569),(57,571),(57,580),(57,596),(57,599),(57,606),(57,617),(57,620),(57,682),(57,687),(57,690),(57,708),(57,710),(57,711),(57,714),(57,719),(57,726),(57,728),(57,741),(57,752),(57,753),(57,754),(57,755),(57,756),(57,757),(57,758),(57,759),(57,762),(57,763),(57,764),(57,829),(57,831),(57,832),(57,833),(57,835),(57,836),(57,837),(57,838),(57,839),(57,843),(57,851),(57,853),(57,854),(57,862),(57,866),(57,879),(57,883),(57,935),(57,936),(57,937),(57,941),(57,943),(57,944),(57,955),(57,956),(57,957),(57,961),(57,965),(57,983),(57,984),(57,985),(57,986),(57,987),(57,988),(57,989),(57,990),(57,991),(57,992),(57,993),(57,994),(57,1000),(58,1),(58,364),(58,367),(58,375),(58,402),(58,438),(58,443),(58,444),(58,446),(58,447),(58,450),(58,451),(58,452),(58,455),(58,456),(58,459),(58,461),(58,462),(58,464),(58,469),(58,470),(58,474),(58,475),(58,478),(58,480),(58,482),(58,483),(58,486),(58,489),(58,492),(58,494),(58,504),(58,510),(58,511),(58,515),(58,516),(58,568),(58,569),(58,570),(58,571),(58,575),(58,591),(58,595),(58,600),(58,602),(58,603),(58,604),(58,605),(58,682),(58,687),(58,695),(58,697),(58,704),(58,708),(58,711),(58,713),(58,719),(58,726),(58,728),(58,733),(58,753),(58,765),(58,766),(58,767),(58,768),(58,769),(58,771),(58,772),(58,773),(58,774),(58,775),(58,829),(58,832),(58,833),(58,835),(58,836),(58,837),(58,838),(58,839),(58,850),(58,851),(58,852),(58,855),(58,856),(58,866),(58,868),(58,870),(58,874),(58,904),(58,931),(58,935),(58,936),(58,937),(58,938),(58,941),(58,944),(58,949),(58,951),(58,955),(58,958),(58,960),(58,970),(58,977),(58,980),(58,988),(58,989),(58,992),(58,995),(58,996),(58,997),(58,998),(58,1000),(59,203),(59,204),(59,205),(59,206),(59,207),(59,208);
/*!40000 ALTER TABLE `units_in_shop` ENABLE KEYS */;
UNLOCK TABLES;

--
-- Table structure for table `user`
--

DROP TABLE IF EXISTS `user`;
/*!40101 SET @saved_cs_client     = @@character_set_client */;
/*!40101 SET character_set_client = utf8 */;
CREATE TABLE `user` (
  `username` varchar(32) NOT NULL,
  `pass` varchar(255) DEFAULT NULL,
  PRIMARY KEY (`username`)
) ENGINE=InnoDB DEFAULT CHARSET=utf8mb4;
/*!40101 SET character_set_client = @saved_cs_client */;

--
-- Dumping data for table `user`
--

LOCK TABLES `user` WRITE;
/*!40000 ALTER TABLE `user` DISABLE KEYS */;
INSERT INTO `user` VALUES ('myria','$2y$10$CgswA61WAe6hMpKQkWsSFOWaelQdjFB/imSFtS5STJcCCsotIILhe');
/*!40000 ALTER TABLE `user` ENABLE KEYS */;
UNLOCK TABLES;

--
-- Table structure for table `user_privilege`
--

DROP TABLE IF EXISTS `user_privilege`;
/*!40101 SET @saved_cs_client     = @@character_set_client */;
/*!40101 SET character_set_client = utf8 */;
CREATE TABLE `user_privilege` (
  `username` varchar(32) NOT NULL,
  `privilege_id` smallint(5) unsigned NOT NULL,
  PRIMARY KEY (`username`,`privilege_id`),
  KEY `privilege_id` (`privilege_id`),
  CONSTRAINT `user_privilege_ibfk_1` FOREIGN KEY (`username`) REFERENCES `user` (`username`),
  CONSTRAINT `user_privilege_ibfk_2` FOREIGN KEY (`privilege_id`) REFERENCES `privilege` (`privilege_id`)
) ENGINE=InnoDB DEFAULT CHARSET=utf8mb4;
/*!40101 SET character_set_client = @saved_cs_client */;

--
-- Dumping data for table `user_privilege`
--

LOCK TABLES `user_privilege` WRITE;
/*!40000 ALTER TABLE `user_privilege` DISABLE KEYS */;
/*!40000 ALTER TABLE `user_privilege` ENABLE KEYS */;
UNLOCK TABLES;

--
-- Table structure for table `weapon`
--

DROP TABLE IF EXISTS `weapon`;
/*!40101 SET @saved_cs_client     = @@character_set_client */;
/*!40101 SET character_set_client = utf8 */;
CREATE TABLE `weapon` (
  `weapon_id` tinyint(3) unsigned NOT NULL AUTO_INCREMENT,
  `weapon_type` varchar(32) DEFAULT NULL,
  PRIMARY KEY (`weapon_id`)
) ENGINE=InnoDB AUTO_INCREMENT=41 DEFAULT CHARSET=utf8mb4;
/*!40101 SET character_set_client = @saved_cs_client */;

--
-- Dumping data for table `weapon`
--

LOCK TABLES `weapon` WRITE;
/*!40000 ALTER TABLE `weapon` DISABLE KEYS */;
INSERT INTO `weapon` VALUES (1,'Point Defense Laser'),(2,'Laser'),(3,'Heavy Laser'),(4,'Light Turbolaser'),(5,'Turbolaser'),(6,'Heavy Turbolaser'),(7,'Main Battery Turbolaser'),(8,'Planetary Laser'),(9,'Point Defense ION'),(10,'ION'),(11,'Heavy ION'),(12,'Battleship ION'),(13,'Planetary ION'),(14,'ION Bomb'),(15,'Proton Torpedo'),(16,'Heavy Proton Torpedo'),(17,'Capital Proton Torpedo'),(18,'Heavy Capital Proton Torpedo'),(19,'Assault Proton Torpedo'),(20,'Proton Rocket'),(21,'Proton Bomb'),(22,'Proton Beam'),(23,'Heavy Proton Beam'),(24,'Concussion Missile'),(25,'Heavy Concussion Missile'),(26,'Capital Concussion Missile'),(27,'Heavy Capital Concussion Missile'),(28,'Assault Concussion Missile'),(29,'Mass Driver'),(30,'Heavy Mass Driver'),(31,'Mass Driver Missile'),(32,'Heavy Mass Driver Missile'),(33,'Hypervelocity'),(34,'Plasma'),(35,'Plasma Torpedo'),(36,'Mag Pulse'),(37,'Thermal Detonator'),(38,'Shield Leech'),(39,'Megamaser'),(40,'Tractor Beam');
/*!40000 ALTER TABLE `weapon` ENABLE KEYS */;
UNLOCK TABLES;
/*!40103 SET TIME_ZONE=@OLD_TIME_ZONE */;

/*!40101 SET SQL_MODE=@OLD_SQL_MODE */;
/*!40014 SET FOREIGN_KEY_CHECKS=@OLD_FOREIGN_KEY_CHECKS */;
/*!40014 SET UNIQUE_CHECKS=@OLD_UNIQUE_CHECKS */;
/*!40101 SET CHARACTER_SET_CLIENT=@OLD_CHARACTER_SET_CLIENT */;
/*!40101 SET CHARACTER_SET_RESULTS=@OLD_CHARACTER_SET_RESULTS */;
/*!40101 SET COLLATION_CONNECTION=@OLD_COLLATION_CONNECTION */;
/*!40111 SET SQL_NOTES=@OLD_SQL_NOTES */;

-- Dump completed on 2022-05-05 18:25:49
